Type,Replicate,Temperature,Water activity,Moisture content (% wet basis),Moisture content (% dry basis)
Roasted beans,1,25,0.097,2.070,2.114
Roasted beans,1,25,0.147,2.080,2.124
Roasted beans,1,25,0.271,2.090,2.135
Roasted beans,1,25,0.358,2.110,2.155
Roasted beans,1,25,0.439,2.130,2.176
Roasted beans,1,25,0.492,2.150,2.197
Roasted beans,1,25,0.534,2.150,2.197
Roasted beans,1,25,0.564,2.170,2.218
Roasted beans,1,25,0.587,2.180,2.229
Roasted beans,1,25,0.604,2.190,2.239
Roasted beans,1,25,0.621,2.210,2.260
Roasted beans,1,25,0.632,2.220,2.270
Roasted beans,1,25,0.641,2.220,2.270
Roasted beans,1,25,0.650,2.230,2.281
Roasted beans,1,25,0.658,2.250,2.302
Roasted beans,1,25,0.665,2.260,2.312
Roasted beans,1,25,0.674,2.260,2.312
Roasted beans,1,25,0.679,2.270,2.323
Roasted beans,1,25,0.689,2.290,2.344
Roasted beans,1,25,0.696,2.300,2.354
Roasted beans,1,25,0.703,2.320,2.375
Roasted beans,1,25,0.711,2.330,2.386
Roasted beans,1,25,0.719,2.340,2.396
Roasted beans,1,25,0.727,2.360,2.417
Roasted beans,1,25,0.734,2.380,2.438
Roasted beans,1,25,0.743,2.410,2.470
Roasted beans,1,25,0.751,2.430,2.491
Roasted beans,1,25,0.760,2.470,2.533
Roasted beans,1,25,0.768,2.500,2.564
Roasted beans,1,25,0.777,2.540,2.606
Roasted beans,1,25,0.784,2.580,2.648
Roasted beans,1,25,0.793,2.620,2.690
Roasted beans,1,25,0.802,2.670,2.743
Roasted beans,1,25,0.809,2.720,2.796
Roasted beans,1,25,0.818,2.780,2.859
Roasted beans,1,25,0.827,2.840,2.923
Roasted beans,1,25,0.835,2.900,2.987
Roasted beans,1,25,0.843,2.980,3.072
Roasted beans,1,25,0.851,3.060,3.157
Roasted beans,1,25,0.859,3.160,3.263
Roasted beans,1,25,0.863,3.250,3.359
Roasted beans,1,25,0.863,3.360,3.477
Roasted beans,1,25,0.868,4.510,4.723
Roasted beans,1,25,0.871,5.720,6.067
Roasted beans,1,25,0.879,6.080,6.474
Roasted beans,1,25,0.883,6.550,7.009
Roasted beans,1,25,0.886,7.200,7.759
Roasted beans,1,25,0.887,7.700,8.342
Roasted beans,1,25,0.892,8.050,8.755
Roasted beans,1,25,0.894,8.330,9.087
Roasted beans,1,25,0.899,8.570,9.373
Roasted beans,1,25,0.900,9.120,10.035
Roasted beans,2,25,0.098,2.260,2.312
Roasted beans,2,25,0.121,2.180,2.229
Roasted beans,2,25,0.218,2.210,2.260
Roasted beans,2,25,0.293,2.220,2.270
Roasted beans,2,25,0.357,2.250,2.302
Roasted beans,2,25,0.414,2.260,2.312
Roasted beans,2,25,0.457,2.270,2.323
Roasted beans,2,25,0.491,2.290,2.344
Roasted beans,2,25,0.519,2.300,2.354
Roasted beans,2,25,0.540,2.310,2.365
Roasted beans,2,25,0.558,2.320,2.375
Roasted beans,2,25,0.570,2.320,2.375
Roasted beans,2,25,0.587,2.300,2.354
Roasted beans,2,25,0.597,2.320,2.375
Roasted beans,2,25,0.606,2.350,2.407
Roasted beans,2,25,0.615,2.380,2.438
Roasted beans,2,25,0.621,2.410,2.470
Roasted beans,2,25,0.627,2.440,2.501
Roasted beans,2,25,0.638,2.480,2.543
Roasted beans,2,25,0.644,2.510,2.575
Roasted beans,2,25,0.653,2.540,2.606
Roasted beans,2,25,0.660,2.560,2.627
Roasted beans,2,25,0.667,2.490,2.554
Roasted beans,2,25,0.674,2.500,2.564
Roasted beans,2,25,0.684,2.530,2.596
Roasted beans,2,25,0.693,2.550,2.617
Roasted beans,2,25,0.700,2.580,2.648
Roasted beans,2,25,0.708,2.620,2.690
Roasted beans,2,25,0.717,2.630,2.701
Roasted beans,2,25,0.725,2.650,2.722
Roasted beans,2,25,0.734,2.700,2.775
Roasted beans,2,25,0.741,2.730,2.807
Roasted beans,2,25,0.750,2.770,2.849
Roasted beans,2,25,0.757,2.820,2.902
Roasted beans,2,25,0.766,2.880,2.965
Roasted beans,2,25,0.774,2.940,3.029
Roasted beans,2,25,0.782,3.010,3.103
Roasted beans,2,25,0.790,3.090,3.189
Roasted beans,2,25,0.798,3.170,3.274
Roasted beans,2,25,0.813,3.200,3.306
Roasted beans,2,25,0.821,3.220,3.327
Roasted beans,2,25,0.827,3.280,3.391
Roasted beans,2,25,0.835,3.290,3.402
Roasted beans,2,25,0.843,3.320,3.434
Roasted beans,2,25,0.851,3.400,3.520
Roasted beans,2,25,0.857,3.540,3.670
Roasted beans,2,25,0.865,3.700,3.842
Roasted beans,2,25,0.872,3.900,4.058
Roasted beans,2,25,0.879,4.130,4.308
Roasted beans,2,25,0.883,4.410,4.613
Roasted beans,2,25,0.887,4.800,5.042
Roasted beans,2,25,0.888,5.350,5.652
Roasted beans,2,25,0.889,6.210,6.621
Roasted beans,2,25,0.890,6.850,7.354
Roasted beans,2,25,0.890,7.120,7.666
Roasted beans,2,25,0.890,7.410,8.003
Roasted beans,2,25,0.891,8.030,8.731
Roasted beans,2,25,0.894,8.220,8.956
Roasted beans,2,25,0.896,9.010,9.902
Roasted beans,3,25,0.098,2.320,2.375
Roasted beans,3,25,0.148,2.340,2.396
Roasted beans,3,25,0.246,2.220,2.270
Roasted beans,3,25,0.336,2.230,2.281
Roasted beans,3,25,0.395,2.240,2.291
Roasted beans,3,25,0.447,2.240,2.291
Roasted beans,3,25,0.490,2.240,2.291
Roasted beans,3,25,0.524,2.260,2.312
Roasted beans,3,25,0.551,2.280,2.333
Roasted beans,3,25,0.575,2.290,2.344
Roasted beans,3,25,0.588,2.310,2.365
Roasted beans,3,25,0.601,2.320,2.375
Roasted beans,3,25,0.611,2.310,2.365
Roasted beans,3,25,0.620,2.350,2.407
Roasted beans,3,25,0.626,2.310,2.365
Roasted beans,3,25,0.641,2.360,2.417
Roasted beans,3,25,0.646,2.380,2.438
Roasted beans,3,25,0.652,2.410,2.470
Roasted beans,3,25,0.660,2.440,2.501
Roasted beans,3,25,0.669,2.450,2.512
Roasted beans,3,25,0.677,2.380,2.438
Roasted beans,3,25,0.685,2.390,2.449
Roasted beans,3,25,0.691,2.400,2.459
Roasted beans,3,25,0.699,2.420,2.480
Roasted beans,3,25,0.707,2.440,2.501
Roasted beans,3,25,0.715,2.450,2.512
Roasted beans,3,25,0.722,2.470,2.533
Roasted beans,3,25,0.731,2.480,2.543
Roasted beans,3,25,0.739,2.500,2.564
Roasted beans,3,25,0.747,2.530,2.596
Roasted beans,3,25,0.756,2.560,2.627
Roasted beans,3,25,0.763,2.600,2.669
Roasted beans,3,25,0.770,2.650,2.722
Roasted beans,3,25,0.777,2.670,2.743
Roasted beans,3,25,0.786,2.680,2.754
Roasted beans,3,25,0.794,2.790,2.870
Roasted beans,3,25,0.804,2.790,2.870
Roasted beans,3,25,0.813,2.870,2.955
Roasted beans,3,25,0.821,2.990,3.082
Roasted beans,3,25,0.827,3.080,3.178
Roasted beans,3,25,0.835,3.190,3.295
Roasted beans,3,25,0.843,3.320,3.434
Roasted beans,3,25,0.851,3.400,3.520
Roasted beans,3,25,0.857,3.540,3.670
Roasted beans,3,25,0.865,3.700,3.842
Roasted beans,3,25,0.872,3.900,4.058
Roasted beans,3,25,0.879,4.130,4.308
Roasted beans,3,25,0.883,4.410,4.613
Roasted beans,3,25,0.887,4.800,5.042
Roasted beans,3,25,0.888,5.350,5.652
Roasted beans,3,25,0.889,6.210,6.621
Roasted beans,3,25,0.890,6.850,7.354
Roasted beans,3,25,0.890,7.320,7.898
Roasted beans,3,25,0.890,7.710,8.354
Roasted beans,3,25,0.891,8.030,8.731
Roasted beans,3,25,0.894,8.620,9.433
Roasted beans,3,25,0.896,9.260,10.205
Roasted beans,1,35,0.104,2.260,2.312
Roasted beans,1,35,0.164,2.150,2.197
Roasted beans,1,35,0.298,2.180,2.229
Roasted beans,1,35,0.385,2.200,2.249
Roasted beans,1,35,0.442,2.220,2.270
Roasted beans,1,35,0.482,2.230,2.281
Roasted beans,1,35,0.510,2.240,2.291
Roasted beans,1,35,0.533,2.250,2.302
Roasted beans,1,35,0.546,2.250,2.302
Roasted beans,1,35,0.563,2.250,2.302
Roasted beans,1,35,0.574,2.260,2.312
Roasted beans,1,35,0.583,2.270,2.323
Roasted beans,1,35,0.590,2.290,2.344
Roasted beans,1,35,0.596,2.310,2.365
Roasted beans,1,35,0.599,2.310,2.365
Roasted beans,1,35,0.616,2.320,2.375
Roasted beans,1,35,0.621,2.340,2.396
Roasted beans,1,35,0.629,2.360,2.417
Roasted beans,1,35,0.636,2.380,2.438
Roasted beans,1,35,0.645,2.400,2.459
Roasted beans,1,35,0.652,2.430,2.491
Roasted beans,1,35,0.663,2.450,2.512
Roasted beans,1,35,0.671,2.480,2.543
Roasted beans,1,35,0.679,2.510,2.575
Roasted beans,1,35,0.687,2.560,2.627
Roasted beans,1,35,0.696,2.590,2.659
Roasted beans,1,35,0.702,2.630,2.701
Roasted beans,1,35,0.712,2.680,2.754
Roasted beans,1,35,0.720,2.740,2.817
Roasted beans,1,35,0.727,2.790,2.870
Roasted beans,1,35,0.735,2.860,2.944
Roasted beans,1,35,0.743,2.920,3.008
Roasted beans,1,35,0.753,3.010,3.103
Roasted beans,1,35,0.760,3.110,3.210
Roasted beans,1,35,0.767,3.220,3.327
Roasted beans,1,35,0.775,3.340,3.455
Roasted beans,1,35,0.785,3.490,3.616
Roasted beans,1,35,0.794,3.650,3.788
Roasted beans,1,35,0.802,3.830,3.983
Roasted beans,1,35,0.810,4.020,4.188
Roasted beans,1,35,0.819,4.250,4.439
Roasted beans,1,35,0.826,4.490,4.701
Roasted beans,1,35,0.833,4.740,4.976
Roasted beans,1,35,0.841,5.050,5.319
Roasted beans,1,35,0.849,5.410,5.719
Roasted beans,1,35,0.856,5.820,6.180
Roasted beans,1,35,0.864,6.290,6.712
Roasted beans,1,35,0.875,6.840,7.342
Roasted beans,1,35,0.882,7.380,7.968
Roasted beans,1,35,0.890,7.980,8.672
Roasted beans,1,35,0.898,8.630,9.445
Roasted beans,2,35,0.100,2.210,2.260
Roasted beans,2,35,0.133,2.140,2.187
Roasted beans,2,35,0.284,2.150,2.197
Roasted beans,2,35,0.390,2.180,2.229
Roasted beans,2,35,0.459,2.220,2.270
Roasted beans,2,35,0.505,2.220,2.270
Roasted beans,2,35,0.537,2.210,2.260
Roasted beans,2,35,0.560,2.220,2.270
Roasted beans,2,35,0.575,2.260,2.312
Roasted beans,2,35,0.582,2.300,2.354
Roasted beans,2,35,0.593,2.320,2.375
Roasted beans,2,35,0.599,2.350,2.407
Roasted beans,2,35,0.606,2.380,2.438
Roasted beans,2,35,0.613,2.400,2.459
Roasted beans,2,35,0.621,2.380,2.438
Roasted beans,2,35,0.627,2.400,2.459
Roasted beans,2,35,0.639,2.420,2.480
Roasted beans,2,35,0.648,2.430,2.491
Roasted beans,2,35,0.655,2.460,2.522
Roasted beans,2,35,0.664,2.490,2.554
Roasted beans,2,35,0.671,2.540,2.606
Roasted beans,2,35,0.679,2.570,2.638
Roasted beans,2,35,0.691,2.610,2.680
Roasted beans,2,35,0.698,2.670,2.743
Roasted beans,2,35,0.706,2.740,2.817
Roasted beans,2,35,0.713,2.800,2.881
Roasted beans,2,35,0.721,2.800,2.881
Roasted beans,2,35,0.728,2.850,2.934
Roasted beans,2,35,0.737,2.960,3.050
Roasted beans,2,35,0.745,3.030,3.125
Roasted beans,2,35,0.754,3.130,3.231
Roasted beans,2,35,0.761,3.180,3.284
Roasted beans,2,35,0.768,3.280,3.391
Roasted beans,2,35,0.777,3.390,3.509
Roasted beans,2,35,0.785,3.530,3.659
Roasted beans,2,35,0.792,3.720,3.864
Roasted beans,2,35,0.800,3.910,4.069
Roasted beans,2,35,0.809,4.120,4.297
Roasted beans,2,35,0.816,4.340,4.537
Roasted beans,2,35,0.823,4.600,4.822
Roasted beans,2,35,0.831,4.880,5.130
Roasted beans,2,35,0.838,5.230,5.519
Roasted beans,2,35,0.847,5.600,5.932
Roasted beans,2,35,0.855,6.090,6.485
Roasted beans,2,35,0.860,6.580,7.043
Roasted beans,2,35,0.869,7.230,7.793
Roasted beans,2,35,0.878,7.930,8.613
Roasted beans,2,35,0.887,8.660,9.481
Roasted beans,2,35,0.893,9.430,10.412
Roasted beans,2,35,0.902,10.300,11.483
Roasted beans,3,35,0.099,1.980,2.020
Roasted beans,3,35,0.137,1.900,1.937
Roasted beans,3,35,0.205,1.920,1.958
Roasted beans,3,35,0.262,1.930,1.968
Roasted beans,3,35,0.310,1.950,1.989
Roasted beans,3,35,0.354,1.950,1.989
Roasted beans,3,35,0.391,1.970,2.010
Roasted beans,3,35,0.416,1.980,2.020
Roasted beans,3,35,0.441,2.000,2.041
Roasted beans,3,35,0.461,2.000,2.041
Roasted beans,3,35,0.477,2.010,2.051
Roasted beans,3,35,0.491,2.010,2.051
Roasted beans,3,35,0.503,2.020,2.062
Roasted beans,3,35,0.507,2.030,2.072
Roasted beans,3,35,0.518,2.040,2.082
Roasted beans,3,35,0.528,2.050,2.093
Roasted beans,3,35,0.536,2.050,2.093
Roasted beans,3,35,0.544,2.060,2.103
Roasted beans,3,35,0.552,2.090,2.135
Roasted beans,3,35,0.556,2.110,2.155
Roasted beans,3,35,0.573,2.120,2.166
Roasted beans,3,35,0.580,2.130,2.176
Roasted beans,3,35,0.587,2.130,2.176
Roasted beans,3,35,0.597,2.130,2.176
Roasted beans,3,35,0.605,2.150,2.197
Roasted beans,3,35,0.609,2.180,2.229
Roasted beans,3,35,0.623,2.200,2.249
Roasted beans,3,35,0.630,2.230,2.281
Roasted beans,3,35,0.637,2.250,2.302
Roasted beans,3,35,0.646,2.270,2.323
Roasted beans,3,35,0.654,2.280,2.333
Roasted beans,3,35,0.660,2.310,2.365
Roasted beans,3,35,0.672,2.340,2.396
Roasted beans,3,35,0.680,2.360,2.417
Roasted beans,3,35,0.688,2.390,2.449
Roasted beans,3,35,0.696,2.440,2.501
Roasted beans,3,35,0.705,2.500,2.564
Roasted beans,3,35,0.711,2.550,2.617
Roasted beans,3,35,0.722,2.610,2.680
Roasted beans,3,35,0.731,2.680,2.754
Roasted beans,3,35,0.738,2.720,2.796
Roasted beans,3,35,0.746,2.810,2.891
Roasted beans,3,35,0.754,2.900,2.987
Roasted beans,3,35,0.763,2.990,3.082
Roasted beans,3,35,0.770,3.090,3.189
Roasted beans,3,35,0.779,3.200,3.306
Roasted beans,3,35,0.791,3.340,3.455
Roasted beans,3,35,0.798,3.470,3.595
Roasted beans,3,35,0.807,3.650,3.788
Roasted beans,3,35,0.813,3.810,3.961
Roasted beans,3,35,0.820,4.000,4.167
Roasted beans,3,35,0.830,4.240,4.428
Roasted beans,3,35,0.838,4.470,4.679
Roasted beans,3,35,0.844,4.760,4.998
Roasted beans,3,35,0.856,5.070,5.341
Roasted beans,3,35,0.863,5.350,5.652
Roasted beans,3,35,0.871,5.720,6.067
Roasted beans,3,35,0.880,6.140,6.542
Roasted beans,3,35,0.885,6.520,6.975
Roasted beans,3,35,0.894,7.010,7.538
Roasted beans,3,35,0.904,7.580,8.202
Roasted beans,1,45,0.100,2.110,2.155
Roasted beans,1,45,0.147,2.030,2.072
Roasted beans,1,45,0.335,2.080,2.124
Roasted beans,1,45,0.436,2.130,2.176
Roasted beans,1,45,0.492,2.170,2.218
Roasted beans,1,45,0.522,2.200,2.249
Roasted beans,1,45,0.545,2.230,2.281
Roasted beans,1,45,0.559,2.260,2.312
Roasted beans,1,45,0.571,2.290,2.344
Roasted beans,1,45,0.579,2.320,2.375
Roasted beans,1,45,0.586,2.320,2.375
Roasted beans,1,45,0.587,2.340,2.396
Roasted beans,1,45,0.602,2.370,2.428
Roasted beans,1,45,0.608,2.390,2.449
Roasted beans,1,45,0.615,2.430,2.491
Roasted beans,1,45,0.623,2.470,2.533
Roasted beans,1,45,0.632,2.500,2.564
Roasted beans,1,45,0.636,2.530,2.596
Roasted beans,1,45,0.650,2.590,2.659
Roasted beans,1,45,0.657,2.640,2.712
Roasted beans,1,45,0.665,2.700,2.775
Roasted beans,1,45,0.673,2.750,2.828
Roasted beans,1,45,0.682,2.810,2.891
Roasted beans,1,45,0.688,2.870,2.955
Roasted beans,1,45,0.700,2.960,3.050
Roasted beans,1,45,0.707,3.040,3.135
Roasted beans,1,45,0.715,3.130,3.231
Roasted beans,1,45,0.724,3.220,3.327
Roasted beans,1,45,0.730,3.320,3.434
Roasted beans,1,45,0.741,3.450,3.573
Roasted beans,1,45,0.749,3.580,3.713
Roasted beans,1,45,0.756,3.710,3.853
Roasted beans,1,45,0.765,3.860,4.015
Roasted beans,1,45,0.771,4.030,4.199
Roasted beans,1,45,0.781,4.230,4.417
Roasted beans,1,45,0.789,4.440,4.646
Roasted beans,1,45,0.797,4.660,4.888
Roasted beans,1,45,0.805,4.900,5.152
Roasted beans,1,45,0.813,5.180,5.463
Roasted beans,1,45,0.822,5.490,5.809
Roasted beans,1,45,0.829,5.820,6.180
Roasted beans,1,45,0.837,6.180,6.587
Roasted beans,1,45,0.845,6.590,7.055
Roasted beans,1,45,0.854,7.030,7.562
Roasted beans,1,45,0.863,7.540,8.155
Roasted beans,1,45,0.871,8.050,8.755
Roasted beans,1,45,0.879,8.610,9.421
Roasted beans,1,45,0.887,9.200,10.132
Roasted beans,1,45,0.895,9.850,10.926
Roasted beans,1,45,0.900,10.010,11.123
Roasted beans,2,45,0.100,1.940,1.978
Roasted beans,2,45,0.142,1.850,1.885
Roasted beans,2,45,0.283,1.880,1.916
Roasted beans,2,45,0.369,1.890,1.926
Roasted beans,2,45,0.427,1.920,1.958
Roasted beans,2,45,0.460,1.960,1.999
Roasted beans,2,45,0.482,1.980,2.020
Roasted beans,2,45,0.499,2.000,2.041
Roasted beans,2,45,0.507,2.010,2.051
Roasted beans,2,45,0.523,2.050,2.093
Roasted beans,2,45,0.534,2.090,2.135
Roasted beans,2,45,0.544,2.100,2.145
Roasted beans,2,45,0.551,2.110,2.155
Roasted beans,2,45,0.559,2.140,2.187
Roasted beans,2,45,0.562,2.150,2.197
Roasted beans,2,45,0.578,2.190,2.239
Roasted beans,2,45,0.587,2.210,2.260
Roasted beans,2,45,0.593,2.240,2.291
Roasted beans,2,45,0.601,2.270,2.323
Roasted beans,2,45,0.610,2.290,2.344
Roasted beans,2,45,0.615,2.320,2.375
Roasted beans,2,45,0.627,2.370,2.428
Roasted beans,2,45,0.635,2.410,2.470
Roasted beans,2,45,0.643,2.450,2.512
Roasted beans,2,45,0.651,2.510,2.575
Roasted beans,2,45,0.660,2.570,2.638
Roasted beans,2,45,0.666,2.630,2.701
Roasted beans,2,45,0.677,2.680,2.754
Roasted beans,2,45,0.685,2.790,2.870
Roasted beans,2,45,0.692,2.870,2.955
Roasted beans,2,45,0.701,2.930,3.018
Roasted beans,2,45,0.707,3.010,3.103
Roasted beans,2,45,0.719,3.110,3.210
Roasted beans,2,45,0.727,3.230,3.338
Roasted beans,2,45,0.735,3.340,3.455
Roasted beans,2,45,0.742,3.540,3.670
Roasted beans,2,45,0.750,3.700,3.842
Roasted beans,2,45,0.760,3.880,4.037
Roasted beans,2,45,0.767,4.080,4.254
Roasted beans,2,45,0.775,4.300,4.493
Roasted beans,2,45,0.782,4.530,4.745
Roasted beans,2,45,0.791,4.800,5.042
Roasted beans,2,45,0.800,5.110,5.385
Roasted beans,2,45,0.809,5.420,5.731
Roasted beans,2,45,0.816,5.760,6.112
Roasted beans,2,45,0.824,6.140,6.542
Roasted beans,2,45,0.833,6.560,7.021
Roasted beans,2,45,0.840,7.020,7.550
Roasted beans,2,45,0.850,7.510,8.120
Roasted beans,2,45,0.858,8.080,8.790
Roasted beans,2,45,0.865,8.600,9.409
Roasted beans,2,45,0.874,9.200,10.132
Roasted beans,2,45,0.887,9.890,10.975
Roasted beans,2,45,0.894,10.520,11.757
Roasted beans,2,45,0.903,11.150,12.549
Roasted beans,2,45,0.900,11.230,12.651
Roasted beans,3,45,0.101,1.910,1.947
Roasted beans,3,45,0.119,1.860,1.895
Roasted beans,3,45,0.182,1.850,1.885
Roasted beans,3,45,0.229,1.860,1.895
Roasted beans,3,45,0.268,1.870,1.906
Roasted beans,3,45,0.314,1.920,1.958
Roasted beans,3,45,0.352,1.930,1.968
Roasted beans,3,45,0.387,1.940,1.978
Roasted beans,3,45,0.412,1.960,1.999
Roasted beans,3,45,0.431,1.980,2.020
Roasted beans,3,45,0.446,1.990,2.030
Roasted beans,3,45,0.459,2.030,2.072
Roasted beans,3,45,0.463,2.050,2.093
Roasted beans,3,45,0.477,2.060,2.103
Roasted beans,3,45,0.488,2.080,2.124
Roasted beans,3,45,0.497,2.090,2.135
Roasted beans,3,45,0.504,2.110,2.155
Roasted beans,3,45,0.510,2.140,2.187
Roasted beans,3,45,0.515,2.150,2.197
Roasted beans,3,45,0.537,2.180,2.229
Roasted beans,3,45,0.543,2.200,2.249
Roasted beans,3,45,0.549,2.220,2.270
Roasted beans,3,45,0.557,2.250,2.302
Roasted beans,3,45,0.566,2.280,2.333
Roasted beans,3,45,0.569,2.310,2.365
Roasted beans,3,45,0.586,2.350,2.407
Roasted beans,3,45,0.593,2.380,2.438
Roasted beans,3,45,0.600,2.420,2.480
Roasted beans,3,45,0.609,2.460,2.522
Roasted beans,3,45,0.617,2.490,2.554
Roasted beans,3,45,0.624,2.530,2.596
Roasted beans,3,45,0.636,2.590,2.659
Roasted beans,3,45,0.644,2.640,2.712
Roasted beans,3,45,0.652,2.700,2.775
Roasted beans,3,45,0.661,2.770,2.849
Roasted beans,3,45,0.669,2.830,2.912
Roasted beans,3,45,0.676,2.900,2.987
Roasted beans,3,45,0.688,3.000,3.093
Roasted beans,3,45,0.696,3.080,3.178
Roasted beans,3,45,0.704,3.180,3.284
Roasted beans,3,45,0.712,3.270,3.381
Roasted beans,3,45,0.719,3.370,3.488
Roasted beans,3,45,0.730,3.510,3.638
Roasted beans,3,45,0.738,3.630,3.767
Roasted beans,3,45,0.745,3.770,3.918
Roasted beans,3,45,0.754,3.920,4.080
Roasted beans,3,45,0.761,4.080,4.254
Roasted beans,3,45,0.771,4.270,4.460
Roasted beans,3,45,0.780,4.470,4.679
Roasted beans,3,45,0.786,4.660,4.888
Roasted beans,3,45,0.793,4.900,5.152
Roasted beans,3,45,0.802,5.170,5.452
Roasted beans,3,45,0.810,5.480,5.798
Roasted beans,3,45,0.819,5.810,6.168
Roasted beans,3,45,0.826,6.180,6.587
Roasted beans,3,45,0.834,6.580,7.043
Roasted beans,3,45,0.841,7.020,7.550
Roasted beans,3,45,0.851,7.540,8.155
Roasted beans,3,45,0.858,8.090,8.802
Roasted beans,3,45,0.868,8.680,9.505
Roasted beans,3,45,0.875,9.310,10.266
Roasted beans,3,45,0.884,9.980,11.086
Roasted beans,3,45,0.892,10.710,11.995
Roasted beans,3,45,0.903,11.430,12.905
Roasted beans,3,45,0.900,11.420,12.892
Ground-Medium,1,25,0.098,1.500,1.523
Ground-Medium,1,25,0.117,1.520,1.543
Ground-Medium,1,25,0.155,1.550,1.574
Ground-Medium,1,25,0.181,1.590,1.616
Ground-Medium,1,25,0.205,1.630,1.657
Ground-Medium,1,25,0.228,1.630,1.657
Ground-Medium,1,25,0.253,1.660,1.688
Ground-Medium,1,25,0.273,1.680,1.709
Ground-Medium,1,25,0.292,1.710,1.740
Ground-Medium,1,25,0.312,1.760,1.792
Ground-Medium,1,25,0.331,1.800,1.833
Ground-Medium,1,25,0.348,1.810,1.843
Ground-Medium,1,25,0.371,1.850,1.885
Ground-Medium,1,25,0.387,1.880,1.916
Ground-Medium,1,25,0.403,1.910,1.947
Ground-Medium,1,25,0.418,1.940,1.978
Ground-Medium,1,25,0.433,1.960,1.999
Ground-Medium,1,25,0.447,1.970,2.010
Ground-Medium,1,25,0.465,1.990,2.030
Ground-Medium,1,25,0.476,2.010,2.051
Ground-Medium,1,25,0.489,2.030,2.072
Ground-Medium,1,25,0.500,2.060,2.103
Ground-Medium,1,25,0.510,2.070,2.114
Ground-Medium,1,25,0.521,2.110,2.155
Ground-Medium,1,25,0.532,2.120,2.166
Ground-Medium,1,25,0.541,2.150,2.197
Ground-Medium,1,25,0.549,2.170,2.218
Ground-Medium,1,25,0.557,2.190,2.239
Ground-Medium,1,25,0.565,2.200,2.249
Ground-Medium,1,25,0.574,2.240,2.291
Ground-Medium,1,25,0.584,2.270,2.323
Ground-Medium,1,25,0.591,2.300,2.354
Ground-Medium,1,25,0.598,2.320,2.375
Ground-Medium,1,25,0.606,2.340,2.396
Ground-Medium,1,25,0.614,2.370,2.428
Ground-Medium,1,25,0.623,2.400,2.459
Ground-Medium,1,25,0.631,2.430,2.491
Ground-Medium,1,25,0.640,2.470,2.533
Ground-Medium,1,25,0.647,2.530,2.596
Ground-Medium,1,25,0.655,2.540,2.606
Ground-Medium,1,25,0.663,2.530,2.596
Ground-Medium,1,25,0.671,2.650,2.722
Ground-Medium,1,25,0.679,2.650,2.722
Ground-Medium,1,25,0.688,2.680,2.754
Ground-Medium,1,25,0.695,2.710,2.785
Ground-Medium,1,25,0.705,2.770,2.849
Ground-Medium,1,25,0.713,3.000,3.093
Ground-Medium,1,25,0.720,3.130,3.231
Ground-Medium,1,25,0.728,3.240,3.348
Ground-Medium,1,25,0.736,3.360,3.477
Ground-Medium,1,25,0.744,3.500,3.627
Ground-Medium,1,25,0.752,3.670,3.810
Ground-Medium,1,25,0.760,3.900,4.058
Ground-Medium,1,25,0.769,4.120,4.297
Ground-Medium,1,25,0.777,4.360,4.559
Ground-Medium,1,25,0.785,4.560,4.778
Ground-Medium,1,25,0.792,4.840,5.086
Ground-Medium,1,25,0.803,5.130,5.407
Ground-Medium,1,25,0.813,5.490,5.809
Ground-Medium,1,25,0.821,5.900,6.270
Ground-Medium,1,25,0.829,6.340,6.769
Ground-Medium,1,25,0.837,6.540,6.998
Ground-Medium,1,25,0.841,6.940,7.458
Ground-Medium,1,25,0.845,7.350,7.933
Ground-Medium,1,25,0.850,7.840,8.507
Ground-Medium,1,25,0.852,8.390,9.158
Ground-Medium,1,25,0.854,8.950,9.830
Ground-Medium,1,25,0.857,9.580,10.595
Ground-Medium,1,25,0.865,10.230,11.396
Ground-Medium,1,25,0.871,10.680,11.957
Ground-Medium,1,25,0.885,11.230,12.651
Ground-Medium,1,25,0.890,11.960,13.585
Ground-Medium,1,25,0.898,12.640,14.469
Ground-Medium,1,25,0.901,13.350,15.407
Ground-Medium,2,25,0.101,1.420,1.440
Ground-Medium,2,25,0.117,1.420,1.440
Ground-Medium,2,25,0.143,1.440,1.461
Ground-Medium,2,25,0.161,1.450,1.471
Ground-Medium,2,25,0.177,1.490,1.513
Ground-Medium,2,25,0.194,1.510,1.533
Ground-Medium,2,25,0.206,1.530,1.554
Ground-Medium,2,25,0.219,1.570,1.595
Ground-Medium,2,25,0.232,1.600,1.626
Ground-Medium,2,25,0.244,1.620,1.647
Ground-Medium,2,25,0.256,1.640,1.667
Ground-Medium,2,25,0.272,1.630,1.657
Ground-Medium,2,25,0.284,1.660,1.688
Ground-Medium,2,25,0.296,1.690,1.719
Ground-Medium,2,25,0.307,1.750,1.781
Ground-Medium,2,25,0.319,1.820,1.854
Ground-Medium,2,25,0.331,1.770,1.802
Ground-Medium,2,25,0.348,1.860,1.895
Ground-Medium,2,25,0.357,1.910,1.947
Ground-Medium,2,25,0.367,2.030,2.072
Ground-Medium,2,25,0.376,2.120,2.166
Ground-Medium,2,25,0.384,2.130,2.176
Ground-Medium,2,25,0.392,1.890,1.926
Ground-Medium,2,25,0.404,1.850,1.885
Ground-Medium,2,25,0.411,1.820,1.854
Ground-Medium,2,25,0.421,1.750,1.781
Ground-Medium,2,25,0.431,1.710,1.740
Ground-Medium,2,25,0.440,1.710,1.740
Ground-Medium,2,25,0.450,2.000,2.041
Ground-Medium,2,25,0.462,2.040,2.082
Ground-Medium,2,25,0.468,2.090,2.135
Ground-Medium,2,25,0.477,2.160,2.208
Ground-Medium,2,25,0.485,2.220,2.270
Ground-Medium,2,25,0.494,2.270,2.323
Ground-Medium,2,25,0.503,2.110,2.155
Ground-Medium,2,25,0.513,2.170,2.218
Ground-Medium,2,25,0.520,2.170,2.218
Ground-Medium,2,25,0.528,2.160,2.208
Ground-Medium,2,25,0.536,2.120,2.166
Ground-Medium,2,25,0.546,2.100,2.145
Ground-Medium,2,25,0.556,2.230,2.281
Ground-Medium,2,25,0.564,2.220,2.270
Ground-Medium,2,25,0.572,2.220,2.270
Ground-Medium,2,25,0.581,2.230,2.281
Ground-Medium,2,25,0.589,2.230,2.281
Ground-Medium,2,25,0.598,2.250,2.302
Ground-Medium,2,25,0.605,2.400,2.459
Ground-Medium,2,25,0.613,2.430,2.491
Ground-Medium,2,25,0.623,2.470,2.533
Ground-Medium,2,25,0.631,2.480,2.543
Ground-Medium,2,25,0.642,2.510,2.575
Ground-Medium,2,25,0.649,2.640,2.712
Ground-Medium,2,25,0.657,2.710,2.785
Ground-Medium,2,25,0.666,2.810,2.891
Ground-Medium,2,25,0.673,2.920,3.008
Ground-Medium,2,25,0.681,3.020,3.114
Ground-Medium,2,25,0.690,2.960,3.050
Ground-Medium,2,25,0.696,3.070,3.167
Ground-Medium,2,25,0.706,3.190,3.295
Ground-Medium,2,25,0.713,3.330,3.445
Ground-Medium,2,25,0.721,3.400,3.520
Ground-Medium,2,25,0.729,3.540,3.670
Ground-Medium,2,25,0.737,3.720,3.864
Ground-Medium,2,25,0.746,3.900,4.058
Ground-Medium,2,25,0.753,4.110,4.286
Ground-Medium,2,25,0.761,4.320,4.515
Ground-Medium,2,25,0.769,4.590,4.811
Ground-Medium,2,25,0.777,4.880,5.130
Ground-Medium,2,25,0.784,5.200,5.485
Ground-Medium,2,25,0.792,5.560,5.887
Ground-Medium,2,25,0.801,5.970,6.349
Ground-Medium,2,25,0.808,6.410,6.849
Ground-Medium,2,25,0.815,6.870,7.377
Ground-Medium,2,25,0.822,7.400,7.991
Ground-Medium,2,25,0.827,7.950,8.637
Ground-Medium,2,25,0.831,8.580,9.385
Ground-Medium,2,25,0.828,9.190,10.120
Ground-Medium,2,25,0.832,9.830,10.902
Ground-Medium,2,25,0.837,10.320,11.508
Ground-Medium,2,25,0.842,10.740,12.032
Ground-Medium,2,25,0.847,11.110,12.499
Ground-Medium,2,25,0.854,11.470,12.956
Ground-Medium,2,25,0.859,11.790,13.366
Ground-Medium,2,25,0.861,12.240,13.947
Ground-Medium,2,25,0.874,12.730,14.587
Ground-Medium,2,25,0.880,13.090,15.062
Ground-Medium,2,25,0.886,13.410,15.487
Ground-Medium,2,25,0.890,13.740,15.929
Ground-Medium,2,25,0.895,14.040,16.333
Ground-Medium,2,25,0.899,14.330,16.727
Ground-Medium,3,25,0.101,1.420,1.440
Ground-Medium,3,25,0.118,1.410,1.430
Ground-Medium,3,25,0.162,1.430,1.451
Ground-Medium,3,25,0.187,1.460,1.482
Ground-Medium,3,25,0.210,1.500,1.523
Ground-Medium,3,25,0.233,1.550,1.574
Ground-Medium,3,25,0.253,1.570,1.595
Ground-Medium,3,25,0.273,1.630,1.657
Ground-Medium,3,25,0.297,1.680,1.709
Ground-Medium,3,25,0.315,1.710,1.740
Ground-Medium,3,25,0.333,1.750,1.781
Ground-Medium,3,25,0.350,1.770,1.802
Ground-Medium,3,25,0.368,1.820,1.854
Ground-Medium,3,25,0.384,1.810,1.843
Ground-Medium,3,25,0.405,1.840,1.874
Ground-Medium,3,25,0.419,1.870,1.906
Ground-Medium,3,25,0.433,1.910,1.947
Ground-Medium,3,25,0.447,1.930,1.968
Ground-Medium,3,25,0.460,1.950,1.989
Ground-Medium,3,25,0.473,1.980,2.020
Ground-Medium,3,25,0.489,1.990,2.030
Ground-Medium,3,25,0.499,2.010,2.051
Ground-Medium,3,25,0.510,2.040,2.082
Ground-Medium,3,25,0.519,2.070,2.114
Ground-Medium,3,25,0.528,2.080,2.124
Ground-Medium,3,25,0.538,2.130,2.176
Ground-Medium,3,25,0.548,2.150,2.197
Ground-Medium,3,25,0.555,2.170,2.218
Ground-Medium,3,25,0.564,2.190,2.239
Ground-Medium,3,25,0.574,2.210,2.260
Ground-Medium,3,25,0.582,2.240,2.291
Ground-Medium,3,25,0.590,2.250,2.302
Ground-Medium,3,25,0.599,2.270,2.323
Ground-Medium,3,25,0.606,2.300,2.354
Ground-Medium,3,25,0.614,2.320,2.375
Ground-Medium,3,25,0.623,2.350,2.407
Ground-Medium,3,25,0.630,2.400,2.459
Ground-Medium,3,25,0.639,2.430,2.491
Ground-Medium,3,25,0.648,2.470,2.533
Ground-Medium,3,25,0.656,2.510,2.575
Ground-Medium,3,25,0.663,2.550,2.617
Ground-Medium,3,25,0.671,2.600,2.669
Ground-Medium,3,25,0.679,2.660,2.733
Ground-Medium,3,25,0.685,2.720,2.796
Ground-Medium,3,25,0.692,2.780,2.859
Ground-Medium,3,25,0.700,2.860,2.944
Ground-Medium,3,25,0.708,2.930,3.018
Ground-Medium,3,25,0.715,3.030,3.125
Ground-Medium,3,25,0.723,3.140,3.242
Ground-Medium,3,25,0.730,3.260,3.370
Ground-Medium,3,25,0.739,3.420,3.541
Ground-Medium,3,25,0.746,3.590,3.724
Ground-Medium,3,25,0.754,3.770,3.918
Ground-Medium,3,25,0.762,3.990,4.156
Ground-Medium,3,25,0.770,4.250,4.439
Ground-Medium,3,25,0.778,4.540,4.756
Ground-Medium,3,25,0.786,4.860,5.108
Ground-Medium,3,25,0.794,5.220,5.507
Ground-Medium,3,25,0.802,5.610,5.943
Ground-Medium,3,25,0.810,6.060,6.451
Ground-Medium,3,25,0.818,6.580,7.043
Ground-Medium,3,25,0.825,7.100,7.643
Ground-Medium,3,25,0.833,7.710,8.354
Ground-Medium,3,25,0.841,8.350,9.111
Ground-Medium,3,25,0.841,9.010,9.902
Ground-Medium,3,25,0.852,9.950,11.049
Ground-Medium,3,25,0.866,10.870,12.196
Ground-Medium,3,25,0.869,11.580,13.097
Ground-Medium,3,25,0.873,12.060,13.714
Ground-Medium,3,25,0.877,12.560,14.364
Ground-Medium,3,25,0.875,13.030,14.982
Ground-Medium,3,25,0.892,13.800,16.009
Ground-Medium,3,25,0.895,14.080,16.387
Ground-Medium,1,35,0.101,1.600,1.626
Ground-Medium,1,35,0.116,1.550,1.574
Ground-Medium,1,35,0.167,1.620,1.647
Ground-Medium,1,35,0.204,1.680,1.709
Ground-Medium,1,35,0.236,1.730,1.760
Ground-Medium,1,35,0.266,1.780,1.812
Ground-Medium,1,35,0.294,1.820,1.854
Ground-Medium,1,35,0.319,1.880,1.916
Ground-Medium,1,35,0.345,1.930,1.968
Ground-Medium,1,35,0.365,1.960,1.999
Ground-Medium,1,35,0.384,2.000,2.041
Ground-Medium,1,35,0.400,2.050,2.093
Ground-Medium,1,35,0.416,2.100,2.145
Ground-Medium,1,35,0.429,2.150,2.197
Ground-Medium,1,35,0.443,2.180,2.229
Ground-Medium,1,35,0.454,2.230,2.281
Ground-Medium,1,35,0.465,2.270,2.323
Ground-Medium,1,35,0.475,2.300,2.354
Ground-Medium,1,35,0.484,2.330,2.386
Ground-Medium,1,35,0.492,2.360,2.417
Ground-Medium,1,35,0.500,2.410,2.470
Ground-Medium,1,35,0.509,2.440,2.501
Ground-Medium,1,35,0.519,2.490,2.554
Ground-Medium,1,35,0.526,2.520,2.585
Ground-Medium,1,35,0.534,2.570,2.638
Ground-Medium,1,35,0.544,2.610,2.680
Ground-Medium,1,35,0.551,2.640,2.712
Ground-Medium,1,35,0.560,2.680,2.754
Ground-Medium,1,35,0.568,2.750,2.828
Ground-Medium,1,35,0.576,2.810,2.891
Ground-Medium,1,35,0.585,2.860,2.944
Ground-Medium,1,35,0.593,2.930,3.018
Ground-Medium,1,35,0.601,3.000,3.093
Ground-Medium,1,35,0.610,3.090,3.189
Ground-Medium,1,35,0.618,3.160,3.263
Ground-Medium,1,35,0.625,3.250,3.359
Ground-Medium,1,35,0.635,3.350,3.466
Ground-Medium,1,35,0.643,3.450,3.573
Ground-Medium,1,35,0.652,3.580,3.713
Ground-Medium,1,35,0.660,3.710,3.853
Ground-Medium,1,35,0.669,3.860,4.015
Ground-Medium,1,35,0.677,4.000,4.167
Ground-Medium,1,35,0.686,4.170,4.351
Ground-Medium,1,35,0.694,4.340,4.537
Ground-Medium,1,35,0.703,4.520,4.734
Ground-Medium,1,35,0.711,4.730,4.965
Ground-Medium,1,35,0.721,4.970,5.230
Ground-Medium,1,35,0.729,5.180,5.463
Ground-Medium,1,35,0.737,5.410,5.719
Ground-Medium,1,35,0.746,5.690,6.033
Ground-Medium,1,35,0.755,5.970,6.349
Ground-Medium,1,35,0.764,6.260,6.678
Ground-Medium,1,35,0.773,6.580,7.043
Ground-Medium,1,35,0.782,6.880,7.388
Ground-Medium,1,35,0.790,7.220,7.782
Ground-Medium,1,35,0.799,7.540,8.155
Ground-Medium,1,35,0.808,7.900,8.578
Ground-Medium,1,35,0.818,8.280,9.027
Ground-Medium,1,35,0.826,8.650,9.469
Ground-Medium,1,35,0.835,9.040,9.938
Ground-Medium,1,35,0.844,9.440,10.424
Ground-Medium,1,35,0.852,9.860,10.939
Ground-Medium,1,35,0.860,10.290,11.470
Ground-Medium,1,35,0.866,10.740,12.032
Ground-Medium,1,35,0.876,11.260,12.689
Ground-Medium,1,35,0.885,11.780,13.353
Ground-Medium,1,35,0.894,12.370,14.116
Ground-Medium,1,35,0.905,12.940,14.863
Ground-Medium,2,35,0.100,1.720,1.750
Ground-Medium,2,35,0.120,1.590,1.616
Ground-Medium,2,35,0.165,1.650,1.678
Ground-Medium,2,35,0.203,1.710,1.740
Ground-Medium,2,35,0.236,1.770,1.802
Ground-Medium,2,35,0.267,1.830,1.864
Ground-Medium,2,35,0.295,1.890,1.926
Ground-Medium,2,35,0.321,1.960,1.999
Ground-Medium,2,35,0.344,2.000,2.041
Ground-Medium,2,35,0.365,2.050,2.093
Ground-Medium,2,35,0.385,2.090,2.135
Ground-Medium,2,35,0.402,2.140,2.187
Ground-Medium,2,35,0.418,2.200,2.249
Ground-Medium,2,35,0.432,2.240,2.291
Ground-Medium,2,35,0.445,2.270,2.323
Ground-Medium,2,35,0.457,2.330,2.386
Ground-Medium,2,35,0.468,2.360,2.417
Ground-Medium,2,35,0.479,2.410,2.470
Ground-Medium,2,35,0.488,2.440,2.501
Ground-Medium,2,35,0.496,2.480,2.543
Ground-Medium,2,35,0.505,2.520,2.585
Ground-Medium,2,35,0.511,2.560,2.627
Ground-Medium,2,35,0.520,2.590,2.659
Ground-Medium,2,35,0.529,2.630,2.701
Ground-Medium,2,35,0.538,2.670,2.743
Ground-Medium,2,35,0.546,2.710,2.785
Ground-Medium,2,35,0.555,2.770,2.849
Ground-Medium,2,35,0.563,2.810,2.891
Ground-Medium,2,35,0.571,2.870,2.955
Ground-Medium,2,35,0.580,2.940,3.029
Ground-Medium,2,35,0.588,2.990,3.082
Ground-Medium,2,35,0.594,3.070,3.167
Ground-Medium,2,35,0.605,3.150,3.252
Ground-Medium,2,35,0.613,3.240,3.348
Ground-Medium,2,35,0.621,3.340,3.455
Ground-Medium,2,35,0.629,3.430,3.552
Ground-Medium,2,35,0.638,3.540,3.670
Ground-Medium,2,35,0.646,3.660,3.799
Ground-Medium,2,35,0.655,3.780,3.928
Ground-Medium,2,35,0.663,3.930,4.091
Ground-Medium,2,35,0.672,4.090,4.264
Ground-Medium,2,35,0.681,4.250,4.439
Ground-Medium,2,35,0.688,4.420,4.624
Ground-Medium,2,35,0.698,4.620,4.844
Ground-Medium,2,35,0.707,4.830,5.075
Ground-Medium,2,35,0.716,5.030,5.296
Ground-Medium,2,35,0.724,5.240,5.530
Ground-Medium,2,35,0.733,5.480,5.798
Ground-Medium,2,35,0.740,5.720,6.067
Ground-Medium,2,35,0.749,6.020,6.406
Ground-Medium,2,35,0.759,6.310,6.735
Ground-Medium,2,35,0.767,6.610,7.078
Ground-Medium,2,35,0.776,6.930,7.446
Ground-Medium,2,35,0.786,7.260,7.828
Ground-Medium,2,35,0.794,7.610,8.237
Ground-Medium,2,35,0.802,7.950,8.637
Ground-Medium,2,35,0.813,8.330,9.087
Ground-Medium,2,35,0.821,8.710,9.541
Ground-Medium,2,35,0.829,9.090,9.999
Ground-Medium,2,35,0.838,9.500,10.497
Ground-Medium,2,35,0.847,9.910,11.000
Ground-Medium,2,35,0.856,10.350,11.545
Ground-Medium,2,35,0.864,10.800,12.108
Ground-Medium,2,35,0.874,11.270,12.701
Ground-Medium,2,35,0.883,11.740,13.302
Ground-Medium,2,35,0.891,12.210,13.908
Ground-Medium,2,35,0.899,12.700,14.548
Ground-Medium,3,35,0.099,1.590,1.616
Ground-Medium,3,35,0.120,1.430,1.451
Ground-Medium,3,35,0.164,1.500,1.523
Ground-Medium,3,35,0.201,1.500,1.523
Ground-Medium,3,35,0.233,1.530,1.554
Ground-Medium,3,35,0.263,1.610,1.636
Ground-Medium,3,35,0.289,1.700,1.729
Ground-Medium,3,35,0.315,1.680,1.709
Ground-Medium,3,35,0.338,1.770,1.802
Ground-Medium,3,35,0.358,1.860,1.895
Ground-Medium,3,35,0.374,1.930,1.968
Ground-Medium,3,35,0.387,1.950,1.989
Ground-Medium,3,35,0.399,1.920,1.958
Ground-Medium,3,35,0.410,1.940,1.978
Ground-Medium,3,35,0.421,1.940,1.978
Ground-Medium,3,35,0.432,1.960,1.999
Ground-Medium,3,35,0.441,2.000,2.041
Ground-Medium,3,35,0.449,2.010,2.051
Ground-Medium,3,35,0.458,2.100,2.145
Ground-Medium,3,35,0.463,2.110,2.155
Ground-Medium,3,35,0.476,2.150,2.197
Ground-Medium,3,35,0.486,2.190,2.239
Ground-Medium,3,35,0.493,2.230,2.281
Ground-Medium,3,35,0.503,2.300,2.354
Ground-Medium,3,35,0.510,2.280,2.333
Ground-Medium,3,35,0.516,2.350,2.407
Ground-Medium,3,35,0.527,2.340,2.396
Ground-Medium,3,35,0.538,2.370,2.428
Ground-Medium,3,35,0.546,2.410,2.470
Ground-Medium,3,35,0.554,2.450,2.512
Ground-Medium,3,35,0.561,2.520,2.585
Ground-Medium,3,35,0.568,2.550,2.617
Ground-Medium,3,35,0.579,2.620,2.690
Ground-Medium,3,35,0.588,2.670,2.743
Ground-Medium,3,35,0.595,2.710,2.785
Ground-Medium,3,35,0.604,2.780,2.859
Ground-Medium,3,35,0.613,2.880,2.965
Ground-Medium,3,35,0.619,2.970,3.061
Ground-Medium,3,35,0.630,3.080,3.178
Ground-Medium,3,35,0.638,3.190,3.295
Ground-Medium,3,35,0.647,3.270,3.381
Ground-Medium,3,35,0.658,3.420,3.541
Ground-Medium,3,35,0.665,3.520,3.648
Ground-Medium,3,35,0.674,3.690,3.831
Ground-Medium,3,35,0.684,3.870,4.026
Ground-Medium,3,35,0.692,4.060,4.232
Ground-Medium,3,35,0.700,4.150,4.330
Ground-Medium,3,35,0.709,4.350,4.548
Ground-Medium,3,35,0.717,4.580,4.800
Ground-Medium,3,35,0.726,4.820,5.064
Ground-Medium,3,35,0.734,5.050,5.319
Ground-Medium,3,35,0.743,5.200,5.485
Ground-Medium,3,35,0.750,5.440,5.753
Ground-Medium,3,35,0.761,5.740,6.090
Ground-Medium,3,35,0.769,6.040,6.428
Ground-Medium,3,35,0.778,6.360,6.792
Ground-Medium,3,35,0.786,6.680,7.158
Ground-Medium,3,35,0.795,7.040,7.573
Ground-Medium,3,35,0.803,7.400,7.991
Ground-Medium,3,35,0.813,7.780,8.436
Ground-Medium,3,35,0.821,8.190,8.921
Ground-Medium,3,35,0.831,8.610,9.421
Ground-Medium,3,35,0.838,9.050,9.951
Ground-Medium,3,35,0.848,9.480,10.473
Ground-Medium,3,35,0.861,10.050,11.173
Ground-Medium,3,35,0.869,10.550,11.794
Ground-Medium,3,35,0.877,11.010,12.372
Ground-Medium,3,35,0.884,11.410,12.880
Ground-Medium,3,35,0.893,11.880,13.482
Ground-Medium,3,35,0.902,12.400,14.155
Ground-Medium,1,45,0.100,1.020,1.031
Ground-Medium,1,45,0.114,0.890,0.898
Ground-Medium,1,45,0.171,0.990,1.000
Ground-Medium,1,45,0.217,1.080,1.092
Ground-Medium,1,45,0.258,1.170,1.184
Ground-Medium,1,45,0.294,1.250,1.266
Ground-Medium,1,45,0.326,1.330,1.348
Ground-Medium,1,45,0.356,1.420,1.440
Ground-Medium,1,45,0.382,1.500,1.523
Ground-Medium,1,45,0.406,1.570,1.595
Ground-Medium,1,45,0.423,1.640,1.667
Ground-Medium,1,45,0.441,1.710,1.740
Ground-Medium,1,45,0.456,1.780,1.812
Ground-Medium,1,45,0.469,1.840,1.874
Ground-Medium,1,45,0.480,1.890,1.926
Ground-Medium,1,45,0.490,1.940,1.978
Ground-Medium,1,45,0.496,1.990,2.030
Ground-Medium,1,45,0.505,2.060,2.103
Ground-Medium,1,45,0.512,2.120,2.166
Ground-Medium,1,45,0.520,2.190,2.239
Ground-Medium,1,45,0.528,2.250,2.302
Ground-Medium,1,45,0.537,2.310,2.365
Ground-Medium,1,45,0.544,2.400,2.459
Ground-Medium,1,45,0.554,2.480,2.543
Ground-Medium,1,45,0.563,2.560,2.627
Ground-Medium,1,45,0.571,2.670,2.743
Ground-Medium,1,45,0.580,2.760,2.838
Ground-Medium,1,45,0.588,2.870,2.955
Ground-Medium,1,45,0.596,2.970,3.061
Ground-Medium,1,45,0.606,3.100,3.199
Ground-Medium,1,45,0.614,3.220,3.327
Ground-Medium,1,45,0.623,3.360,3.477
Ground-Medium,1,45,0.631,3.520,3.648
Ground-Medium,1,45,0.640,3.660,3.799
Ground-Medium,1,45,0.648,3.810,3.961
Ground-Medium,1,45,0.658,3.990,4.156
Ground-Medium,1,45,0.665,4.160,4.341
Ground-Medium,1,45,0.674,4.350,4.548
Ground-Medium,1,45,0.684,4.550,4.767
Ground-Medium,1,45,0.692,4.760,4.998
Ground-Medium,1,45,0.702,4.970,5.230
Ground-Medium,1,45,0.710,5.190,5.474
Ground-Medium,1,45,0.719,5.430,5.742
Ground-Medium,1,45,0.729,5.680,6.022
Ground-Medium,1,45,0.737,5.930,6.304
Ground-Medium,1,45,0.745,6.190,6.598
Ground-Medium,1,45,0.755,6.470,6.918
Ground-Medium,1,45,0.764,6.750,7.239
Ground-Medium,1,45,0.773,7.050,7.585
Ground-Medium,1,45,0.780,7.320,7.898
Ground-Medium,1,45,0.791,7.650,8.284
Ground-Medium,1,45,0.800,7.980,8.672
Ground-Medium,1,45,0.809,8.300,9.051
Ground-Medium,1,45,0.816,8.610,9.421
Ground-Medium,1,45,0.827,8.970,9.854
Ground-Medium,1,45,0.836,9.320,10.278
Ground-Medium,1,45,0.844,9.690,10.730
Ground-Medium,1,45,0.852,10.050,11.173
Ground-Medium,1,45,0.861,10.460,11.682
Ground-Medium,1,45,0.870,10.870,12.196
Ground-Medium,1,45,0.879,11.280,12.714
Ground-Medium,1,45,0.887,11.700,13.250
Ground-Medium,1,45,0.897,12.130,13.804
Ground-Medium,2,45,0.100,0.650,0.654
Ground-Medium,2,45,0.109,0.560,0.563
Ground-Medium,2,45,0.169,0.650,0.654
Ground-Medium,2,45,0.217,0.740,0.746
Ground-Medium,2,45,0.254,0.810,0.817
Ground-Medium,2,45,0.285,0.900,0.908
Ground-Medium,2,45,0.312,0.980,0.990
Ground-Medium,2,45,0.337,1.050,1.061
Ground-Medium,2,45,0.360,1.100,1.112
Ground-Medium,2,45,0.379,1.170,1.184
Ground-Medium,2,45,0.398,1.240,1.256
Ground-Medium,2,45,0.414,1.300,1.317
Ground-Medium,2,45,0.428,1.350,1.368
Ground-Medium,2,45,0.440,1.420,1.440
Ground-Medium,2,45,0.451,1.460,1.482
Ground-Medium,2,45,0.459,1.520,1.543
Ground-Medium,2,45,0.467,1.570,1.595
Ground-Medium,2,45,0.476,1.630,1.657
Ground-Medium,2,45,0.484,1.680,1.709
Ground-Medium,2,45,0.492,1.740,1.771
Ground-Medium,2,45,0.501,1.810,1.843
Ground-Medium,2,45,0.507,1.860,1.895
Ground-Medium,2,45,0.517,1.930,1.968
Ground-Medium,2,45,0.526,2.010,2.051
Ground-Medium,2,45,0.534,2.080,2.124
Ground-Medium,2,45,0.544,2.160,2.208
Ground-Medium,2,45,0.552,2.240,2.291
Ground-Medium,2,45,0.559,2.320,2.375
Ground-Medium,2,45,0.569,2.420,2.480
Ground-Medium,2,45,0.577,2.500,2.564
Ground-Medium,2,45,0.586,2.610,2.680
Ground-Medium,2,45,0.594,2.730,2.807
Ground-Medium,2,45,0.604,2.850,2.934
Ground-Medium,2,45,0.610,2.950,3.040
Ground-Medium,2,45,0.620,3.100,3.199
Ground-Medium,2,45,0.630,3.250,3.359
Ground-Medium,2,45,0.637,3.400,3.520
Ground-Medium,2,45,0.646,3.570,3.702
Ground-Medium,2,45,0.655,3.740,3.885
Ground-Medium,2,45,0.663,3.940,4.102
Ground-Medium,2,45,0.672,4.130,4.308
Ground-Medium,2,45,0.682,4.350,4.548
Ground-Medium,2,45,0.691,4.570,4.789
Ground-Medium,2,45,0.699,4.790,5.031
Ground-Medium,2,45,0.708,5.010,5.274
Ground-Medium,2,45,0.717,5.280,5.574
Ground-Medium,2,45,0.727,5.540,5.865
Ground-Medium,2,45,0.735,5.810,6.168
Ground-Medium,2,45,0.744,6.090,6.485
Ground-Medium,2,45,0.753,6.370,6.803
Ground-Medium,2,45,0.761,6.670,7.147
Ground-Medium,2,45,0.771,7.000,7.527
Ground-Medium,2,45,0.780,7.320,7.898
Ground-Medium,2,45,0.788,7.640,8.272
Ground-Medium,2,45,0.798,8.000,8.696
Ground-Medium,2,45,0.807,8.350,9.111
Ground-Medium,2,45,0.817,8.710,9.541
Ground-Medium,2,45,0.825,9.060,9.963
Ground-Medium,2,45,0.834,9.440,10.424
Ground-Medium,2,45,0.843,9.830,10.902
Ground-Medium,2,45,0.851,10.210,11.371
Ground-Medium,2,45,0.861,10.620,11.882
Ground-Medium,2,45,0.869,11.030,12.397
Ground-Medium,2,45,0.878,11.450,12.931
Ground-Medium,2,45,0.886,11.870,13.469
Ground-Medium,2,45,0.896,12.340,14.077
Ground-Medium,3,45,0.100,1.000,1.010
Ground-Medium,3,45,0.105,0.930,0.939
Ground-Medium,3,45,0.172,1.030,1.041
Ground-Medium,3,45,0.219,1.050,1.061
Ground-Medium,3,45,0.260,1.100,1.112
Ground-Medium,3,45,0.294,1.240,1.256
Ground-Medium,3,45,0.324,1.350,1.368
Ground-Medium,3,45,0.350,1.460,1.482
Ground-Medium,3,45,0.372,1.540,1.564
Ground-Medium,3,45,0.389,1.560,1.585
Ground-Medium,3,45,0.407,1.630,1.657
Ground-Medium,3,45,0.423,1.750,1.781
Ground-Medium,3,45,0.436,1.870,1.906
Ground-Medium,3,45,0.448,1.980,2.020
Ground-Medium,3,45,0.458,1.940,1.978
Ground-Medium,3,45,0.465,2.000,2.041
Ground-Medium,3,45,0.474,2.090,2.135
Ground-Medium,3,45,0.483,2.180,2.229
Ground-Medium,3,45,0.490,2.240,2.291
Ground-Medium,3,45,0.499,2.300,2.354
Ground-Medium,3,45,0.509,2.280,2.333
Ground-Medium,3,45,0.513,2.340,2.396
Ground-Medium,3,45,0.525,2.410,2.470
Ground-Medium,3,45,0.534,2.510,2.575
Ground-Medium,3,45,0.541,2.580,2.648
Ground-Medium,3,45,0.550,2.660,2.733
Ground-Medium,3,45,0.558,2.760,2.838
Ground-Medium,3,45,0.565,2.840,2.923
Ground-Medium,3,45,0.576,2.940,3.029
Ground-Medium,3,45,0.585,3.050,3.146
Ground-Medium,3,45,0.593,3.170,3.274
Ground-Medium,3,45,0.601,3.280,3.391
Ground-Medium,3,45,0.609,3.430,3.552
Ground-Medium,3,45,0.617,3.560,3.691
Ground-Medium,3,45,0.627,3.730,3.875
Ground-Medium,3,45,0.637,3.880,4.037
Ground-Medium,3,45,0.645,4.050,4.221
Ground-Medium,3,45,0.654,4.230,4.417
Ground-Medium,3,45,0.663,4.410,4.613
Ground-Medium,3,45,0.670,4.580,4.800
Ground-Medium,3,45,0.680,4.800,5.042
Ground-Medium,3,45,0.690,5.020,5.285
Ground-Medium,3,45,0.698,5.250,5.541
Ground-Medium,3,45,0.708,5.480,5.798
Ground-Medium,3,45,0.715,5.710,6.056
Ground-Medium,3,45,0.725,5.970,6.349
Ground-Medium,3,45,0.734,6.220,6.633
Ground-Medium,3,45,0.743,6.500,6.952
Ground-Medium,3,45,0.752,6.760,7.250
Ground-Medium,3,45,0.760,7.040,7.573
Ground-Medium,3,45,0.769,7.360,7.945
Ground-Medium,3,45,0.780,7.670,8.307
Ground-Medium,3,45,0.788,7.990,8.684
Ground-Medium,3,45,0.796,8.310,9.063
Ground-Medium,3,45,0.806,8.660,9.481
Ground-Medium,3,45,0.815,9.000,9.890
Ground-Medium,3,45,0.824,9.350,10.314
Ground-Medium,3,45,0.832,9.700,10.742
Ground-Medium,3,45,0.841,10.060,11.185
Ground-Medium,3,45,0.851,10.460,11.682
Ground-Medium,3,45,0.859,10.840,12.158
Ground-Medium,3,45,0.867,11.210,12.625
Ground-Medium,3,45,0.877,11.630,13.161
Ground-Medium,3,45,0.885,12.040,13.688
Ground-Medium,3,45,0.893,12.470,14.247
Ground-Medium,3,45,0.902,12.930,14.850
Ground-Fine,1,25,0.096,0.250,0.251
Ground-Fine,1,25,0.114,0.260,0.261
Ground-Fine,1,25,0.139,0.290,0.291
Ground-Fine,1,25,0.156,0.330,0.331
Ground-Fine,1,25,0.170,0.360,0.361
Ground-Fine,1,25,0.182,0.400,0.402
Ground-Fine,1,25,0.199,0.440,0.442
Ground-Fine,1,25,0.208,0.470,0.472
Ground-Fine,1,25,0.218,0.500,0.503
Ground-Fine,1,25,0.228,0.530,0.533
Ground-Fine,1,25,0.237,0.560,0.563
Ground-Fine,1,25,0.246,0.590,0.594
Ground-Fine,1,25,0.259,0.620,0.624
Ground-Fine,1,25,0.266,0.660,0.664
Ground-Fine,1,25,0.274,0.690,0.695
Ground-Fine,1,25,0.282,0.730,0.735
Ground-Fine,1,25,0.292,0.760,0.766
Ground-Fine,1,25,0.300,0.800,0.806
Ground-Fine,1,25,0.314,0.840,0.847
Ground-Fine,1,25,0.320,0.870,0.878
Ground-Fine,1,25,0.328,0.900,0.908
Ground-Fine,1,25,0.337,0.940,0.949
Ground-Fine,1,25,0.346,0.970,0.980
Ground-Fine,1,25,0.356,1.000,1.010
Ground-Fine,1,25,0.368,1.030,1.041
Ground-Fine,1,25,0.374,1.060,1.071
Ground-Fine,1,25,0.383,1.090,1.102
Ground-Fine,1,25,0.393,1.130,1.143
Ground-Fine,1,25,0.401,1.160,1.174
Ground-Fine,1,25,0.412,1.180,1.194
Ground-Fine,1,25,0.423,1.210,1.225
Ground-Fine,1,25,0.430,1.250,1.266
Ground-Fine,1,25,0.439,1.300,1.317
Ground-Fine,1,25,0.448,1.320,1.338
Ground-Fine,1,25,0.458,1.350,1.368
Ground-Fine,1,25,0.468,1.390,1.410
Ground-Fine,1,25,0.481,1.430,1.451
Ground-Fine,1,25,0.488,1.460,1.482
Ground-Fine,1,25,0.496,1.500,1.523
Ground-Fine,1,25,0.504,1.520,1.543
Ground-Fine,1,25,0.515,1.560,1.585
Ground-Fine,1,25,0.524,1.600,1.626
Ground-Fine,1,25,0.535,1.630,1.657
Ground-Fine,1,25,0.542,1.670,1.698
Ground-Fine,1,25,0.550,1.690,1.719
Ground-Fine,1,25,0.558,1.730,1.760
Ground-Fine,1,25,0.568,1.770,1.802
Ground-Fine,1,25,0.577,1.790,1.823
Ground-Fine,1,25,0.589,1.830,1.864
Ground-Fine,1,25,0.596,1.870,1.906
Ground-Fine,1,25,0.604,1.890,1.926
Ground-Fine,1,25,0.614,1.930,1.968
Ground-Fine,1,25,0.623,1.970,2.010
Ground-Fine,1,25,0.632,2.010,2.051
Ground-Fine,1,25,0.641,2.050,2.093
Ground-Fine,1,25,0.648,2.090,2.135
Ground-Fine,1,25,0.656,2.140,2.187
Ground-Fine,1,25,0.663,2.190,2.239
Ground-Fine,1,25,0.672,2.250,2.302
Ground-Fine,1,25,0.681,2.320,2.375
Ground-Fine,1,25,0.689,2.390,2.449
Ground-Fine,1,25,0.696,2.470,2.533
Ground-Fine,1,25,0.704,2.540,2.606
Ground-Fine,1,25,0.712,2.630,2.701
Ground-Fine,1,25,0.720,2.740,2.817
Ground-Fine,1,25,0.727,2.870,2.955
Ground-Fine,1,25,0.734,3.030,3.125
Ground-Fine,1,25,0.742,3.200,3.306
Ground-Fine,1,25,0.748,3.410,3.530
Ground-Fine,1,25,0.757,3.680,3.821
Ground-Fine,1,25,0.764,3.960,4.123
Ground-Fine,1,25,0.772,4.280,4.471
Ground-Fine,1,25,0.779,4.670,4.899
Ground-Fine,1,25,0.787,5.130,5.407
Ground-Fine,1,25,0.796,5.620,5.955
Ground-Fine,1,25,0.805,6.160,6.564
Ground-Fine,1,25,0.813,6.690,7.170
Ground-Fine,1,25,0.822,7.280,7.852
Ground-Fine,1,25,0.829,7.860,8.530
Ground-Fine,1,25,0.837,8.460,9.242
Ground-Fine,1,25,0.844,9.060,9.963
Ground-Fine,1,25,0.847,9.600,10.619
Ground-Fine,1,25,0.855,10.330,11.520
Ground-Fine,1,25,0.859,10.970,12.322
Ground-Fine,1,25,0.865,11.560,13.071
Ground-Fine,1,25,0.872,12.030,13.675
Ground-Fine,1,25,0.877,12.470,14.247
Ground-Fine,1,25,0.884,12.850,14.745
Ground-Fine,1,25,0.886,13.240,15.260
Ground-Fine,1,25,0.891,13.750,15.942
Ground-Fine,1,25,0.922,15.030,17.689
Ground-Fine,2,25,0.101,0.790,0.796
Ground-Fine,2,25,0.119,0.770,0.776
Ground-Fine,2,25,0.142,0.770,0.776
Ground-Fine,2,25,0.158,0.810,0.817
Ground-Fine,2,25,0.173,0.870,0.878
Ground-Fine,2,25,0.185,0.920,0.929
Ground-Fine,2,25,0.197,0.990,1.000
Ground-Fine,2,25,0.211,1.040,1.051
Ground-Fine,2,25,0.221,1.090,1.102
Ground-Fine,2,25,0.231,1.140,1.153
Ground-Fine,2,25,0.241,1.190,1.204
Ground-Fine,2,25,0.250,1.240,1.256
Ground-Fine,2,25,0.260,1.180,1.194
Ground-Fine,2,25,0.272,1.230,1.245
Ground-Fine,2,25,0.280,1.270,1.286
Ground-Fine,2,25,0.289,1.300,1.317
Ground-Fine,2,25,0.298,1.330,1.348
Ground-Fine,2,25,0.307,1.360,1.379
Ground-Fine,2,25,0.316,1.370,1.389
Ground-Fine,2,25,0.327,1.380,1.399
Ground-Fine,2,25,0.334,1.410,1.430
Ground-Fine,2,25,0.344,1.460,1.482
Ground-Fine,2,25,0.353,1.500,1.523
Ground-Fine,2,25,0.362,1.510,1.533
Ground-Fine,2,25,0.370,1.530,1.554
Ground-Fine,2,25,0.383,1.560,1.585
Ground-Fine,2,25,0.390,1.600,1.626
Ground-Fine,2,25,0.398,1.620,1.647
Ground-Fine,2,25,0.409,1.660,1.688
Ground-Fine,2,25,0.417,1.690,1.719
Ground-Fine,2,25,0.428,1.700,1.729
Ground-Fine,2,25,0.440,1.750,1.781
Ground-Fine,2,25,0.447,1.780,1.812
Ground-Fine,2,25,0.455,1.810,1.843
Ground-Fine,2,25,0.464,1.830,1.864
Ground-Fine,2,25,0.474,1.870,1.906
Ground-Fine,2,25,0.483,1.880,1.916
Ground-Fine,2,25,0.493,1.920,1.958
Ground-Fine,2,25,0.501,1.960,1.999
Ground-Fine,2,25,0.509,1.990,2.030
Ground-Fine,2,25,0.518,2.020,2.062
Ground-Fine,2,25,0.528,2.050,2.093
Ground-Fine,2,25,0.537,2.080,2.124
Ground-Fine,2,25,0.546,2.110,2.155
Ground-Fine,2,25,0.554,2.140,2.187
Ground-Fine,2,25,0.564,2.160,2.208
Ground-Fine,2,25,0.573,2.200,2.249
Ground-Fine,2,25,0.582,2.240,2.291
Ground-Fine,2,25,0.590,2.270,2.323
Ground-Fine,2,25,0.599,2.310,2.365
Ground-Fine,2,25,0.608,2.360,2.417
Ground-Fine,2,25,0.616,2.390,2.449
Ground-Fine,2,25,0.624,2.430,2.491
Ground-Fine,2,25,0.633,2.480,2.543
Ground-Fine,2,25,0.640,2.540,2.606
Ground-Fine,2,25,0.649,2.590,2.659
Ground-Fine,2,25,0.657,2.640,2.712
Ground-Fine,2,25,0.665,2.710,2.785
Ground-Fine,2,25,0.674,2.770,2.849
Ground-Fine,2,25,0.681,2.870,2.955
Ground-Fine,2,25,0.689,2.960,3.050
Ground-Fine,2,25,0.697,3.050,3.146
Ground-Fine,2,25,0.705,3.160,3.263
Ground-Fine,2,25,0.712,3.300,3.413
Ground-Fine,2,25,0.719,3.420,3.541
Ground-Fine,2,25,0.727,3.600,3.734
Ground-Fine,2,25,0.735,3.820,3.972
Ground-Fine,2,25,0.743,4.070,4.243
Ground-Fine,2,25,0.750,4.340,4.537
Ground-Fine,2,25,0.759,4.660,4.888
Ground-Fine,2,25,0.767,5.000,5.263
Ground-Fine,2,25,0.775,5.390,5.697
Ground-Fine,2,25,0.784,5.820,6.180
Ground-Fine,2,25,0.792,6.260,6.678
Ground-Fine,2,25,0.801,6.750,7.239
Ground-Fine,2,25,0.809,7.220,7.782
Ground-Fine,2,25,0.816,7.730,8.378
Ground-Fine,2,25,0.824,8.260,9.004
Ground-Fine,2,25,0.831,8.810,9.661
Ground-Fine,2,25,0.838,9.370,10.339
Ground-Fine,2,25,0.837,9.820,10.889
Ground-Fine,2,25,0.840,10.320,11.508
Ground-Fine,2,25,0.844,11.100,12.486
Ground-Fine,2,25,0.890,12.760,14.626
Ground-Fine,2,25,0.910,14.110,16.428
Ground-Fine,3,25,0.101,1.060,1.071
Ground-Fine,3,25,0.113,1.070,1.082
Ground-Fine,3,25,0.133,1.090,1.102
Ground-Fine,3,25,0.145,1.080,1.092
Ground-Fine,3,25,0.160,1.100,1.112
Ground-Fine,3,25,0.169,1.140,1.153
Ground-Fine,3,25,0.178,1.160,1.174
Ground-Fine,3,25,0.187,1.180,1.194
Ground-Fine,3,25,0.195,1.200,1.215
Ground-Fine,3,25,0.203,1.220,1.235
Ground-Fine,3,25,0.217,1.240,1.256
Ground-Fine,3,25,0.222,1.260,1.276
Ground-Fine,3,25,0.231,1.280,1.297
Ground-Fine,3,25,0.241,1.300,1.317
Ground-Fine,3,25,0.250,1.350,1.368
Ground-Fine,3,25,0.258,1.360,1.379
Ground-Fine,3,25,0.271,1.390,1.410
Ground-Fine,3,25,0.278,1.410,1.430
Ground-Fine,3,25,0.287,1.440,1.461
Ground-Fine,3,25,0.297,1.470,1.492
Ground-Fine,3,25,0.305,1.480,1.502
Ground-Fine,3,25,0.314,1.520,1.543
Ground-Fine,3,25,0.327,1.550,1.574
Ground-Fine,3,25,0.334,1.580,1.605
Ground-Fine,3,25,0.343,1.590,1.616
Ground-Fine,3,25,0.352,1.610,1.636
Ground-Fine,3,25,0.362,1.650,1.678
Ground-Fine,3,25,0.371,1.670,1.698
Ground-Fine,3,25,0.384,1.700,1.729
Ground-Fine,3,25,0.391,1.730,1.760
Ground-Fine,3,25,0.400,1.760,1.792
Ground-Fine,3,25,0.409,1.780,1.812
Ground-Fine,3,25,0.418,1.810,1.843
Ground-Fine,3,25,0.428,1.830,1.864
Ground-Fine,3,25,0.438,1.840,1.874
Ground-Fine,3,25,0.447,1.890,1.926
Ground-Fine,3,25,0.456,1.910,1.947
Ground-Fine,3,25,0.466,1.940,1.978
Ground-Fine,3,25,0.475,1.950,1.989
Ground-Fine,3,25,0.484,1.990,2.030
Ground-Fine,3,25,0.496,2.010,2.051
Ground-Fine,3,25,0.504,2.050,2.093
Ground-Fine,3,25,0.513,2.080,2.124
Ground-Fine,3,25,0.523,2.100,2.145
Ground-Fine,3,25,0.531,2.120,2.166
Ground-Fine,3,25,0.539,2.150,2.197
Ground-Fine,3,25,0.550,2.170,2.218
Ground-Fine,3,25,0.558,2.200,2.249
Ground-Fine,3,25,0.568,2.240,2.291
Ground-Fine,3,25,0.576,2.270,2.323
Ground-Fine,3,25,0.584,2.300,2.354
Ground-Fine,3,25,0.594,2.330,2.386
Ground-Fine,3,25,0.602,2.360,2.417
Ground-Fine,3,25,0.611,2.410,2.470
Ground-Fine,3,25,0.619,2.440,2.501
Ground-Fine,3,25,0.627,2.480,2.543
Ground-Fine,3,25,0.636,2.530,2.596
Ground-Fine,3,25,0.644,2.580,2.648
Ground-Fine,3,25,0.653,2.620,2.690
Ground-Fine,3,25,0.661,2.690,2.764
Ground-Fine,3,25,0.671,2.750,2.828
Ground-Fine,3,25,0.679,2.820,2.902
Ground-Fine,3,25,0.685,2.890,2.976
Ground-Fine,3,25,0.695,2.970,3.061
Ground-Fine,3,25,0.702,3.080,3.178
Ground-Fine,3,25,0.709,3.170,3.274
Ground-Fine,3,25,0.717,3.300,3.413
Ground-Fine,3,25,0.725,3.450,3.573
Ground-Fine,3,25,0.732,3.620,3.756
Ground-Fine,3,25,0.739,3.820,3.972
Ground-Fine,3,25,0.747,4.050,4.221
Ground-Fine,3,25,0.755,4.320,4.515
Ground-Fine,3,25,0.762,4.640,4.866
Ground-Fine,3,25,0.770,4.990,5.252
Ground-Fine,3,25,0.778,5.410,5.719
Ground-Fine,3,25,0.786,5.870,6.236
Ground-Fine,3,25,0.794,6.380,6.815
Ground-Fine,3,25,0.801,6.930,7.446
Ground-Fine,3,25,0.807,7.470,8.073
Ground-Fine,3,25,0.810,8.070,8.778
Ground-Fine,3,25,0.816,8.830,9.685
Ground-Fine,3,25,0.823,9.660,10.693
Ground-Fine,3,25,0.833,10.460,11.682
Ground-Fine,3,25,0.844,11.130,12.524
Ground-Fine,3,25,0.873,12.000,13.636
Ground-Fine,3,25,0.877,12.810,14.692
Ground-Fine,3,25,0.881,13.150,15.141
Ground-Fine,3,25,0.888,13.600,15.741
Ground-Fine,3,25,0.895,13.600,15.741
Ground-Fine,1,35,0.100,1.080,1.092
Ground-Fine,1,35,0.112,0.890,0.898
Ground-Fine,1,35,0.143,0.940,0.949
Ground-Fine,1,35,0.165,0.980,0.990
Ground-Fine,1,35,0.185,1.040,1.051
Ground-Fine,1,35,0.203,1.100,1.112
Ground-Fine,1,35,0.222,1.150,1.163
Ground-Fine,1,35,0.238,1.200,1.215
Ground-Fine,1,35,0.253,1.240,1.256
Ground-Fine,1,35,0.268,1.300,1.317
Ground-Fine,1,35,0.282,1.340,1.358
Ground-Fine,1,35,0.296,1.390,1.410
Ground-Fine,1,35,0.310,1.440,1.461
Ground-Fine,1,35,0.323,1.480,1.502
Ground-Fine,1,35,0.336,1.540,1.564
Ground-Fine,1,35,0.347,1.560,1.585
Ground-Fine,1,35,0.359,1.600,1.626
Ground-Fine,1,35,0.370,1.640,1.667
Ground-Fine,1,35,0.381,1.680,1.709
Ground-Fine,1,35,0.391,1.720,1.750
Ground-Fine,1,35,0.400,1.760,1.792
Ground-Fine,1,35,0.408,1.780,1.812
Ground-Fine,1,35,0.415,1.820,1.854
Ground-Fine,1,35,0.424,1.830,1.864
Ground-Fine,1,35,0.433,1.880,1.916
Ground-Fine,1,35,0.442,1.920,1.958
Ground-Fine,1,35,0.452,1.940,1.978
Ground-Fine,1,35,0.460,1.980,2.020
Ground-Fine,1,35,0.469,2.020,2.062
Ground-Fine,1,35,0.478,2.050,2.093
Ground-Fine,1,35,0.487,2.100,2.145
Ground-Fine,1,35,0.495,2.150,2.197
Ground-Fine,1,35,0.504,2.180,2.229
Ground-Fine,1,35,0.513,2.230,2.281
Ground-Fine,1,35,0.522,2.280,2.333
Ground-Fine,1,35,0.531,2.310,2.365
Ground-Fine,1,35,0.538,2.370,2.428
Ground-Fine,1,35,0.547,2.440,2.501
Ground-Fine,1,35,0.555,2.480,2.543
Ground-Fine,1,35,0.564,2.560,2.627
Ground-Fine,1,35,0.572,2.620,2.690
Ground-Fine,1,35,0.580,2.700,2.775
Ground-Fine,1,35,0.587,2.780,2.859
Ground-Fine,1,35,0.596,2.890,2.976
Ground-Fine,1,35,0.605,3.000,3.093
Ground-Fine,1,35,0.612,3.130,3.231
Ground-Fine,1,35,0.621,3.270,3.381
Ground-Fine,1,35,0.628,3.420,3.541
Ground-Fine,1,35,0.637,3.600,3.734
Ground-Fine,1,35,0.647,3.810,3.961
Ground-Fine,1,35,0.657,4.020,4.188
Ground-Fine,1,35,0.666,4.240,4.428
Ground-Fine,1,35,0.674,4.470,4.679
Ground-Fine,1,35,0.684,4.740,4.976
Ground-Fine,1,35,0.693,5.000,5.263
Ground-Fine,1,35,0.701,5.260,5.552
Ground-Fine,1,35,0.711,5.540,5.865
Ground-Fine,1,35,0.721,5.850,6.213
Ground-Fine,1,35,0.731,6.150,6.553
Ground-Fine,1,35,0.739,6.450,6.895
Ground-Fine,1,35,0.748,6.720,7.204
Ground-Fine,1,35,0.758,7.020,7.550
Ground-Fine,1,35,0.766,7.350,7.933
Ground-Fine,1,35,0.775,7.670,8.307
Ground-Fine,1,35,0.785,8.010,8.707
Ground-Fine,1,35,0.794,8.360,9.123
Ground-Fine,1,35,0.803,8.700,9.529
Ground-Fine,1,35,0.812,9.060,9.963
Ground-Fine,1,35,0.820,9.430,10.412
Ground-Fine,1,35,0.829,9.810,10.877
Ground-Fine,1,35,0.838,10.200,11.359
Ground-Fine,1,35,0.847,10.610,11.869
Ground-Fine,1,35,0.855,11.000,12.360
Ground-Fine,1,35,0.865,11.450,12.931
Ground-Fine,1,35,0.873,11.880,13.482
Ground-Fine,1,35,0.882,12.340,14.077
Ground-Fine,1,35,0.890,12.800,14.679
Ground-Fine,1,35,0.898,13.290,15.327
Ground-Fine,2,35,0.099,0.940,0.949
Ground-Fine,2,35,0.107,0.690,0.695
Ground-Fine,2,35,0.139,0.750,0.756
Ground-Fine,2,35,0.165,0.830,0.837
Ground-Fine,2,35,0.186,0.880,0.888
Ground-Fine,2,35,0.205,0.940,0.949
Ground-Fine,2,35,0.223,1.000,1.010
Ground-Fine,2,35,0.240,1.040,1.051
Ground-Fine,2,35,0.255,1.100,1.112
Ground-Fine,2,35,0.271,1.160,1.174
Ground-Fine,2,35,0.286,1.200,1.215
Ground-Fine,2,35,0.301,1.250,1.266
Ground-Fine,2,35,0.313,1.310,1.327
Ground-Fine,2,35,0.327,1.360,1.379
Ground-Fine,2,35,0.340,1.380,1.399
Ground-Fine,2,35,0.352,1.440,1.461
Ground-Fine,2,35,0.364,1.490,1.513
Ground-Fine,2,35,0.377,1.500,1.523
Ground-Fine,2,35,0.388,1.560,1.585
Ground-Fine,2,35,0.400,1.520,1.543
Ground-Fine,2,35,0.410,1.640,1.667
Ground-Fine,2,35,0.418,1.740,1.771
Ground-Fine,2,35,0.428,1.790,1.823
Ground-Fine,2,35,0.437,1.850,1.885
Ground-Fine,2,35,0.445,1.880,1.916
Ground-Fine,2,35,0.454,1.920,1.958
Ground-Fine,2,35,0.462,1.890,1.926
Ground-Fine,2,35,0.471,1.930,1.968
Ground-Fine,2,35,0.481,2.000,2.041
Ground-Fine,2,35,0.490,2.060,2.103
Ground-Fine,2,35,0.499,2.130,2.176
Ground-Fine,2,35,0.507,2.190,2.239
Ground-Fine,2,35,0.516,2.120,2.166
Ground-Fine,2,35,0.523,2.160,2.208
Ground-Fine,2,35,0.533,2.220,2.270
Ground-Fine,2,35,0.542,2.280,2.333
Ground-Fine,2,35,0.550,2.350,2.407
Ground-Fine,2,35,0.558,2.400,2.459
Ground-Fine,2,35,0.566,2.450,2.512
Ground-Fine,2,35,0.574,2.510,2.575
Ground-Fine,2,35,0.582,2.580,2.648
Ground-Fine,2,35,0.590,2.670,2.743
Ground-Fine,2,35,0.598,2.780,2.859
Ground-Fine,2,35,0.606,2.890,2.976
Ground-Fine,2,35,0.613,3.010,3.103
Ground-Fine,2,35,0.622,3.150,3.252
Ground-Fine,2,35,0.631,3.310,3.423
Ground-Fine,2,35,0.640,3.480,3.605
Ground-Fine,2,35,0.647,3.670,3.810
Ground-Fine,2,35,0.657,3.880,4.037
Ground-Fine,2,35,0.665,4.080,4.254
Ground-Fine,2,35,0.674,4.320,4.515
Ground-Fine,2,35,0.684,4.580,4.800
Ground-Fine,2,35,0.692,4.830,5.075
Ground-Fine,2,35,0.702,5.100,5.374
Ground-Fine,2,35,0.710,5.380,5.686
Ground-Fine,2,35,0.721,5.670,6.011
Ground-Fine,2,35,0.729,5.960,6.338
Ground-Fine,2,35,0.738,6.260,6.678
Ground-Fine,2,35,0.746,6.570,7.032
Ground-Fine,2,35,0.756,6.890,7.400
Ground-Fine,2,35,0.764,7.220,7.782
Ground-Fine,2,35,0.775,7.570,8.190
Ground-Fine,2,35,0.783,7.900,8.578
Ground-Fine,2,35,0.792,8.250,8.992
Ground-Fine,2,35,0.802,8.610,9.421
Ground-Fine,2,35,0.810,8.970,9.854
Ground-Fine,2,35,0.819,9.350,10.314
Ground-Fine,2,35,0.828,9.720,10.767
Ground-Fine,2,35,0.836,10.110,11.247
Ground-Fine,2,35,0.846,10.510,11.744
Ground-Fine,2,35,0.853,10.910,12.246
Ground-Fine,2,35,0.861,11.340,12.790
Ground-Fine,2,35,0.870,11.770,13.340
Ground-Fine,2,35,0.879,12.240,13.947
Ground-Fine,2,35,0.887,12.710,14.561
Ground-Fine,2,35,0.895,13.200,15.207
Ground-Fine,3,35,0.100,0.710,0.715
Ground-Fine,3,35,0.114,0.530,0.533
Ground-Fine,3,35,0.138,0.560,0.563
Ground-Fine,3,35,0.156,0.610,0.614
Ground-Fine,3,35,0.172,0.660,0.664
Ground-Fine,3,35,0.187,0.710,0.715
Ground-Fine,3,35,0.200,0.750,0.756
Ground-Fine,3,35,0.213,0.790,0.796
Ground-Fine,3,35,0.225,0.830,0.837
Ground-Fine,3,35,0.237,0.860,0.867
Ground-Fine,3,35,0.248,0.880,0.888
Ground-Fine,3,35,0.258,0.930,0.939
Ground-Fine,3,35,0.269,0.960,0.969
Ground-Fine,3,35,0.280,0.980,0.990
Ground-Fine,3,35,0.290,1.050,1.061
Ground-Fine,3,35,0.299,1.060,1.071
Ground-Fine,3,35,0.309,1.080,1.092
Ground-Fine,3,35,0.317,1.130,1.143
Ground-Fine,3,35,0.327,1.150,1.163
Ground-Fine,3,35,0.336,1.190,1.204
Ground-Fine,3,35,0.344,1.230,1.245
Ground-Fine,3,35,0.354,1.260,1.276
Ground-Fine,3,35,0.364,1.280,1.297
Ground-Fine,3,35,0.372,1.300,1.317
Ground-Fine,3,35,0.382,1.340,1.358
Ground-Fine,3,35,0.392,1.320,1.338
Ground-Fine,3,35,0.400,1.350,1.368
Ground-Fine,3,35,0.408,1.390,1.410
Ground-Fine,3,35,0.417,1.480,1.502
Ground-Fine,3,35,0.424,1.520,1.543
Ground-Fine,3,35,0.436,1.570,1.595
Ground-Fine,3,35,0.446,1.630,1.657
Ground-Fine,3,35,0.454,1.680,1.709
Ground-Fine,3,35,0.462,1.720,1.750
Ground-Fine,3,35,0.471,1.670,1.698
Ground-Fine,3,35,0.478,1.710,1.740
Ground-Fine,3,35,0.488,1.750,1.781
Ground-Fine,3,35,0.499,1.740,1.771
Ground-Fine,3,35,0.507,1.780,1.812
Ground-Fine,3,35,0.516,1.830,1.864
Ground-Fine,3,35,0.523,1.910,1.947
Ground-Fine,3,35,0.531,1.960,1.999
Ground-Fine,3,35,0.540,2.030,2.072
Ground-Fine,3,35,0.550,2.100,2.145
Ground-Fine,3,35,0.563,2.170,2.218
Ground-Fine,3,35,0.573,2.250,2.302
Ground-Fine,3,35,0.579,2.270,2.323
Ground-Fine,3,35,0.585,2.330,2.386
Ground-Fine,3,35,0.594,2.420,2.480
Ground-Fine,3,35,0.603,2.520,2.585
Ground-Fine,3,35,0.611,2.620,2.690
Ground-Fine,3,35,0.618,2.750,2.828
Ground-Fine,3,35,0.626,2.880,2.965
Ground-Fine,3,35,0.634,3.010,3.103
Ground-Fine,3,35,0.644,3.190,3.295
Ground-Fine,3,35,0.653,3.360,3.477
Ground-Fine,3,35,0.661,3.550,3.681
Ground-Fine,3,35,0.669,3.740,3.885
Ground-Fine,3,35,0.678,3.970,4.134
Ground-Fine,3,35,0.688,4.210,4.395
Ground-Fine,3,35,0.697,4.460,4.668
Ground-Fine,3,35,0.705,4.710,4.943
Ground-Fine,3,35,0.714,4.980,5.241
Ground-Fine,3,35,0.723,5.260,5.552
Ground-Fine,3,35,0.734,5.550,5.876
Ground-Fine,3,35,0.740,5.840,6.202
Ground-Fine,3,35,0.750,6.160,6.564
Ground-Fine,3,35,0.759,6.480,6.929
Ground-Fine,3,35,0.769,6.820,7.319
Ground-Fine,3,35,0.777,7.170,7.724
Ground-Fine,3,35,0.787,7.510,8.120
Ground-Fine,3,35,0.796,7.870,8.542
Ground-Fine,3,35,0.805,8.220,8.956
Ground-Fine,3,35,0.813,8.570,9.373
Ground-Fine,3,35,0.823,8.950,9.830
Ground-Fine,3,35,0.831,9.340,10.302
Ground-Fine,3,35,0.839,9.730,10.779
Ground-Fine,3,35,0.849,10.140,11.284
Ground-Fine,3,35,0.857,10.540,11.782
Ground-Fine,3,35,0.864,10.960,12.309
Ground-Fine,3,35,0.873,11.400,12.867
Ground-Fine,3,35,0.882,11.890,13.494
Ground-Fine,3,35,0.890,12.380,14.129
Ground-Fine,3,35,0.900,12.900,14.811
Ground-Fine,1,45,0.100,0.360,0.361
Ground-Fine,1,45,0.108,0.390,0.392
Ground-Fine,1,45,0.152,0.460,0.462
Ground-Fine,1,45,0.185,0.500,0.503
Ground-Fine,1,45,0.212,0.610,0.614
Ground-Fine,1,45,0.236,0.690,0.695
Ground-Fine,1,45,0.258,0.740,0.746
Ground-Fine,1,45,0.279,0.790,0.796
Ground-Fine,1,45,0.298,0.870,0.878
Ground-Fine,1,45,0.315,0.930,0.939
Ground-Fine,1,45,0.333,1.000,1.010
Ground-Fine,1,45,0.350,1.060,1.071
Ground-Fine,1,45,0.365,1.120,1.133
Ground-Fine,1,45,0.380,1.180,1.194
Ground-Fine,1,45,0.393,1.290,1.307
Ground-Fine,1,45,0.404,1.360,1.379
Ground-Fine,1,45,0.416,1.420,1.440
Ground-Fine,1,45,0.428,1.480,1.502
Ground-Fine,1,45,0.438,1.550,1.574
Ground-Fine,1,45,0.447,1.610,1.636
Ground-Fine,1,45,0.455,1.650,1.678
Ground-Fine,1,45,0.460,1.720,1.750
Ground-Fine,1,45,0.471,1.780,1.812
Ground-Fine,1,45,0.479,1.840,1.874
Ground-Fine,1,45,0.489,1.910,1.947
Ground-Fine,1,45,0.497,1.970,2.010
Ground-Fine,1,45,0.504,2.040,2.082
Ground-Fine,1,45,0.511,2.130,2.176
Ground-Fine,1,45,0.521,2.190,2.239
Ground-Fine,1,45,0.530,2.260,2.312
Ground-Fine,1,45,0.538,2.390,2.449
Ground-Fine,1,45,0.548,2.530,2.596
Ground-Fine,1,45,0.555,2.600,2.669
Ground-Fine,1,45,0.561,2.700,2.775
Ground-Fine,1,45,0.572,2.830,2.912
Ground-Fine,1,45,0.581,2.960,3.050
Ground-Fine,1,45,0.590,3.100,3.199
Ground-Fine,1,45,0.599,3.280,3.391
Ground-Fine,1,45,0.608,3.440,3.563
Ground-Fine,1,45,0.615,3.570,3.702
Ground-Fine,1,45,0.626,3.760,3.907
Ground-Fine,1,45,0.634,3.950,4.112
Ground-Fine,1,45,0.644,4.150,4.330
Ground-Fine,1,45,0.651,4.340,4.537
Ground-Fine,1,45,0.660,4.540,4.756
Ground-Fine,1,45,0.671,4.760,4.998
Ground-Fine,1,45,0.680,4.990,5.252
Ground-Fine,1,45,0.689,5.220,5.507
Ground-Fine,1,45,0.699,5.470,5.787
Ground-Fine,1,45,0.708,5.690,6.033
Ground-Fine,1,45,0.717,5.960,6.338
Ground-Fine,1,45,0.725,6.250,6.667
Ground-Fine,1,45,0.735,6.500,6.952
Ground-Fine,1,45,0.744,6.650,7.124
Ground-Fine,1,45,0.752,6.890,7.400
Ground-Fine,1,45,0.763,7.190,7.747
Ground-Fine,1,45,0.771,7.460,8.061
Ground-Fine,1,45,0.779,7.760,8.413
Ground-Fine,1,45,0.788,7.990,8.684
Ground-Fine,1,45,0.797,8.270,9.016
Ground-Fine,1,45,0.807,8.570,9.373
Ground-Fine,1,45,0.816,8.880,9.745
Ground-Fine,1,45,0.825,9.250,10.193
Ground-Fine,1,45,0.833,9.550,10.558
Ground-Fine,1,45,0.842,9.880,10.963
Ground-Fine,1,45,0.850,10.230,11.396
Ground-Fine,1,45,0.858,10.590,11.844
Ground-Fine,1,45,0.865,10.970,12.322
Ground-Fine,1,45,0.875,11.380,12.841
Ground-Fine,1,45,0.884,11.810,13.392
Ground-Fine,1,45,0.892,12.240,13.947
Ground-Fine,1,45,0.900,12.700,14.548
Ground-Fine,2,45,0.101,0.190,0.190
Ground-Fine,2,45,0.107,0.250,0.251
Ground-Fine,2,45,0.152,0.260,0.261
Ground-Fine,2,45,0.186,0.280,0.281
Ground-Fine,2,45,0.214,0.280,0.281
Ground-Fine,2,45,0.239,0.380,0.381
Ground-Fine,2,45,0.261,0.470,0.472
Ground-Fine,2,45,0.283,0.540,0.543
Ground-Fine,2,45,0.302,0.610,0.614
Ground-Fine,2,45,0.320,0.750,0.756
Ground-Fine,2,45,0.336,0.850,0.857
Ground-Fine,2,45,0.350,0.840,0.847
Ground-Fine,2,45,0.363,0.870,0.878
Ground-Fine,2,45,0.377,0.910,0.918
Ground-Fine,2,45,0.389,0.950,0.959
Ground-Fine,2,45,0.400,0.980,0.990
Ground-Fine,2,45,0.411,1.000,1.010
Ground-Fine,2,45,0.421,1.220,1.235
Ground-Fine,2,45,0.427,1.260,1.276
Ground-Fine,2,45,0.436,1.300,1.317
Ground-Fine,2,45,0.445,1.350,1.368
Ground-Fine,2,45,0.452,1.400,1.420
Ground-Fine,2,45,0.461,1.460,1.482
Ground-Fine,2,45,0.470,1.570,1.595
Ground-Fine,2,45,0.477,1.630,1.657
Ground-Fine,2,45,0.487,1.710,1.740
Ground-Fine,2,45,0.497,1.790,1.823
Ground-Fine,2,45,0.505,1.850,1.885
Ground-Fine,2,45,0.513,1.930,1.968
Ground-Fine,2,45,0.522,2.030,2.072
Ground-Fine,2,45,0.527,2.120,2.166
Ground-Fine,2,45,0.539,2.240,2.291
Ground-Fine,2,45,0.547,2.340,2.396
Ground-Fine,2,45,0.556,2.450,2.512
Ground-Fine,2,45,0.565,2.580,2.648
Ground-Fine,2,45,0.572,2.680,2.754
Ground-Fine,2,45,0.581,2.820,2.902
Ground-Fine,2,45,0.590,2.980,3.072
Ground-Fine,2,45,0.599,3.150,3.252
Ground-Fine,2,45,0.608,3.320,3.434
Ground-Fine,2,45,0.616,3.500,3.627
Ground-Fine,2,45,0.623,3.650,3.788
Ground-Fine,2,45,0.631,3.840,3.993
Ground-Fine,2,45,0.642,4.060,4.232
Ground-Fine,2,45,0.651,4.280,4.471
Ground-Fine,2,45,0.660,4.510,4.723
Ground-Fine,2,45,0.670,4.730,4.965
Ground-Fine,2,45,0.678,4.970,5.230
Ground-Fine,2,45,0.688,5.200,5.485
Ground-Fine,2,45,0.697,5.460,5.775
Ground-Fine,2,45,0.707,5.710,6.056
Ground-Fine,2,45,0.717,5.960,6.338
Ground-Fine,2,45,0.725,6.190,6.598
Ground-Fine,2,45,0.736,6.480,6.929
Ground-Fine,2,45,0.744,6.750,7.239
Ground-Fine,2,45,0.754,7.030,7.562
Ground-Fine,2,45,0.761,7.240,7.805
Ground-Fine,2,45,0.769,7.510,8.120
Ground-Fine,2,45,0.778,7.820,8.483
Ground-Fine,2,45,0.789,8.100,8.814
Ground-Fine,2,45,0.799,8.470,9.254
Ground-Fine,2,45,0.807,8.820,9.673
Ground-Fine,2,45,0.817,9.190,10.120
Ground-Fine,2,45,0.827,9.580,10.595
Ground-Fine,2,45,0.834,9.750,10.803
Ground-Fine,2,45,0.840,10.050,11.173
Ground-Fine,2,45,0.850,10.360,11.557
Ground-Fine,2,45,0.860,10.870,12.196
Ground-Fine,2,45,0.869,11.300,12.740
Ground-Fine,2,45,0.876,11.710,13.263
Ground-Fine,2,45,0.885,12.090,13.753
Ground-Fine,2,45,0.893,12.530,14.325
Ground-Fine,2,45,0.899,12.970,14.903
Ground-Fine,3,45,0.100,0.190,0.190
Ground-Fine,3,45,0.118,0.250,0.251
Ground-Fine,3,45,0.154,0.260,0.261
Ground-Fine,3,45,0.183,0.280,0.281
Ground-Fine,3,45,0.207,0.280,0.281
Ground-Fine,3,45,0.228,0.300,0.301
Ground-Fine,3,45,0.248,0.320,0.321
Ground-Fine,3,45,0.267,0.350,0.351
Ground-Fine,3,45,0.284,0.360,0.361
Ground-Fine,3,45,0.302,0.370,0.371
Ground-Fine,3,45,0.317,0.390,0.392
Ground-Fine,3,45,0.333,0.460,0.462
Ground-Fine,3,45,0.348,0.520,0.523
Ground-Fine,3,45,0.362,0.590,0.594
Ground-Fine,3,45,0.376,0.650,0.654
Ground-Fine,3,45,0.388,0.700,0.705
Ground-Fine,3,45,0.400,0.750,0.756
Ground-Fine,3,45,0.411,0.820,0.827
Ground-Fine,3,45,0.422,0.870,0.878
Ground-Fine,3,45,0.433,0.910,0.918
Ground-Fine,3,45,0.442,0.990,1.000
Ground-Fine,3,45,0.450,1.030,1.041
Ground-Fine,3,45,0.458,1.080,1.092
Ground-Fine,3,45,0.466,1.130,1.143
Ground-Fine,3,45,0.474,1.190,1.204
Ground-Fine,3,45,0.483,1.260,1.276
Ground-Fine,3,45,0.491,1.300,1.317
Ground-Fine,3,45,0.498,1.360,1.379
Ground-Fine,3,45,0.508,1.440,1.461
Ground-Fine,3,45,0.517,1.520,1.543
Ground-Fine,3,45,0.525,1.580,1.605
Ground-Fine,3,45,0.533,1.660,1.688
Ground-Fine,3,45,0.542,1.750,1.781
Ground-Fine,3,45,0.549,1.840,1.874
Ground-Fine,3,45,0.559,1.980,2.020
Ground-Fine,3,45,0.568,2.090,2.135
Ground-Fine,3,45,0.577,2.220,2.270
Ground-Fine,3,45,0.585,2.340,2.396
Ground-Fine,3,45,0.594,2.490,2.554
Ground-Fine,3,45,0.601,2.630,2.701
Ground-Fine,3,45,0.611,2.790,2.870
Ground-Fine,3,45,0.621,2.980,3.072
Ground-Fine,3,45,0.629,3.160,3.263
Ground-Fine,3,45,0.639,3.360,3.477
Ground-Fine,3,45,0.647,3.550,3.681
Ground-Fine,3,45,0.656,3.750,3.896
Ground-Fine,3,45,0.665,3.980,4.145
Ground-Fine,3,45,0.675,4.210,4.395
Ground-Fine,3,45,0.684,4.420,4.624
Ground-Fine,3,45,0.693,4.670,4.899
Ground-Fine,3,45,0.702,4.900,5.152
Ground-Fine,3,45,0.712,5.160,5.441
Ground-Fine,3,45,0.721,5.400,5.708
Ground-Fine,3,45,0.731,5.660,6.000
Ground-Fine,3,45,0.739,5.920,6.293
Ground-Fine,3,45,0.748,6.180,6.587
Ground-Fine,3,45,0.758,6.460,6.906
Ground-Fine,3,45,0.767,6.740,7.227
Ground-Fine,3,45,0.776,7.020,7.550
Ground-Fine,3,45,0.785,7.300,7.875
Ground-Fine,3,45,0.793,7.590,8.213
Ground-Fine,3,45,0.802,7.900,8.578
Ground-Fine,3,45,0.811,8.240,8.980
Ground-Fine,3,45,0.820,8.570,9.373
Ground-Fine,3,45,0.829,8.900,9.769
Ground-Fine,3,45,0.838,9.250,10.193
Ground-Fine,3,45,0.846,9.610,10.632
Ground-Fine,3,45,0.855,9.970,11.074
Ground-Fine,3,45,0.863,10.350,11.545
Ground-Fine,3,45,0.872,10.750,12.045
Ground-Fine,3,45,0.881,11.170,12.575
Ground-Fine,3,45,0.889,11.600,13.122
Ground-Fine,3,45,0.897,12.070,13.727
